 ROIC  -S&P 500 Index,,,,,,,,,,,,,,,,,,,,,,,,,,,,,
Company Name,Stock Symbol,TTM,Latest Fiscal Year,Latest Qtr,Previous Qtr,2 QTR ago,3 Qtr Ago,4 QTR Ago,2024,2023,2022,2021,2020,2019,2018,2017,2016,2015,2014,2013,2012,2011,2010,2009,2008,2007,2006,2005,2004
Nvidia Corp,NVDA,99,97,100,100,99,98,98,97,59,83,75,81,95,94,84,58,59,36,60,70,33,5,11,94,86,83,31,32
Apple Inc.,AAPL,98,98,94,98,97,98,97,98,97,99,98,95,91,88,82,88,95,92,93,95,96,94,84,82,87,78,73,16
Microsoft Corp,MSFT,88,89,89,88,88,87,90,79,88,91,92,89,84,47,70,80,56,85,91,87,95,97,96,98,98,95,88,36
Amazon.com Inc,AMZN,71,54,76,72,75,66,63,Not Avaliable yet,53,38,54,77,69,73,34,55,16,12,13,6,32,75,82,82,83,52,83,98
"Meta Platforms, Inc. Class A",META,89,83,91,90,88,90,86,Not Avaliable yet,82,75,92,87,83,88,85,82,45,41,52,9,86,91,15,16,7,Not Avaliable yet,Not Avaliable yet,Not Avaliable yet
Alphabet Inc. Class A,GOOGL,87,84,88,90,88,85,87,Not Avaliable yet,84,78,86,73,67,61,42,70,67,62,72,73,70,78,85,75,77,72,66,66
"Tesla, Inc.",TSLA,65,79,51,27,19,94,49,Not Avaliable yet,78,85,70,7,7,2,2,4,3,3,3,0,1,1,89,99,99,6,Not Avaliable yet,Not Avaliable yet
Alphabet Inc. Class C,GOOG,87,84,88,90,88,85,87,Not Avaliable yet,84,78,86,73,67,61,42,70,67,62,72,73,70,78,85,75,77,72,66,66
Berkshire Hathaway Class B,BRK-B,15,65,2,25,30,27,27,Not Avaliable yet,64,18,65,49,73,29,53,36,38,29,32,31,18,28,31,24,36,31,37,34
Broadcom Inc.,AVGO,23,85,3,41,33,81,82,Not Avaliable yet,84,76,59,47,36,94,36,5,84,18,83,89,93,93,24,51,3,Not Avaliable yet,Not Avaliable yet,Not Avaliable yet
Jpmorgan Chase & Co.,JPM,35,33,63,44,38,33,40,Not Avaliable yet,32,29,36,35,33,27,25,27,27,23,23,22,25,23,30,47,50,63,47,24
Eli Lilly & Co.,LLY,86,83,84,94,84,90,6,Not Avaliable yet,83,81,83,87,88,89,7,63,56,44,84,81,87,93,95,98,84,88,70,63
Unitedhealth Group Incorporated,UNH,61,73,70,64,0,69,72,Not Avaliable yet,72,66,70,76,73,67,71,61,51,62,64,64,66,67,65,50,75,71,62,83
Exxon Mobil Corporation,XOM,41,64,51,43,54,48,68,Not Avaliable yet,63,79,45,9,19,33,30,14,24,56,62,79,82,76,70,95,92,93,91,86
Visa Inc.,V,92,92,93,92,91,91,91,84,90,85,80,82,87,81,68,66,88,86,83,38,63,59,53,23,100,100,6,100
Mastercard Incorporated,MA,97,97,97,99,97,96,97,Not Avaliable yet,96,98,96,96,98,99,97,97,98,98,98,97,95,97,99,7,89,9,79,89
Costco Wholesale Corp,COST,83,84,91,79,82,69,86,72,76,77,79,76,76,73,76,73,74,62,67,66,53,53,55,54,40,46,45,48
"Home Depot, Inc.",HD,100,94,99,94,93,89,94,90,95,97,94,98,97,94,95,94,92,88,81,74,60,55,57,68,76,81,81,82
Procter & Gamble Company,PG,76,75,79,61,75,78,80,64,74,73,77,77,63,56,62,62,50,59,59,54,58,64,65,60,47,38,77,82
Johnson & Johnson,JNJ,75,81,40,81,84,72,81,Not Avaliable yet,81,67,74,75,72,66,12,78,71,77,75,69,76,72,83,84,94,89,92,93
Walmart Inc.,WMT,64,68,62,75,71,71,58,55,53,64,54,68,56,57,67,71,73,70,76,73,71,74,76,66,66,65,65,71
Netflix Inc,NFLX,81,73,86,84,87,60,73,Not Avaliable yet,73,59,73,74,54,47,50,24,29,58,40,14,89,97,95,87,59,41,26,60
"Salesforce, Inc.",CRM,38,26,44,33,40,36,33,26,7,6,8,12,13,10,22,6,5,3,3,6,15,18,33,20,6,47,14,2
Bank of America Corporation,BAC,21,26,23,10,23,26,30,Not Avaliable yet,25,25,30,26,29,30,23,27,20,19,17,8,8,6,18,18,12,17,17,17
Abbvie Inc.,ABBV,58,62,66,57,51,56,50,Not Avaliable yet,62,74,73,46,82,77,75,81,79,75,91,94,92,92,15,Not Avaliable yet,Not Avaliable yet,Not Avaliable yet,Not Avaliable yet,Not Avaliable yet
Oracle Corp,ORCL,65,63,69,69,61,61,62,50,61,74,70,74,74,11,51,61,64,80,81,80,75,73,83,73,79,72,86,96
Chevron Corporation,CVX,37,76,36,31,44,37,48,Not Avaliable yet,75,58,25,8,6,18,13,7,6,25,42,59,76,66,27,87,90,89,92,96
"Merck & Co., Inc.",MRK,74,9,75,87,87,4,88,Not Avaliable yet,7,79,72,54,71,38,15,22,12,63,8,18,13,14,6,73,98,48,65,83
Wells Fargo & Co.,WFC,22,27,29,16,23,16,27,Not Avaliable yet,25,12,27,13,19,20,28,28,32,32,33,35,32,25,42,22,44,56,43,30
Coca-Cola Company,KO,51,61,53,52,49,49,70,Not Avaliable yet,60,60,57,66,66,55,14,57,51,52,57,65,60,65,84,87,80,90,84,85
Advanced Micro Devices,AMD,9,9,22,5,5,19,11,Not Avaliable yet,8,8,96,97,75,77,85,1,3,33,13,3,2,91,54,3,1,5,16,14
"Cisco Systems, Inc.",CSCO,59,63,65,55,57,73,87,51,83,80,78,85,80,3,49,62,55,48,68,60,48,64,67,77,80,76,89,81
"Pepsico, Inc.",PEP,75,67,77,79,64,69,78,Not Avaliable yet,66,70,69,72,77,92,56,78,72,76,71,68,70,70,92,91,92,95,83,91
Accenture Plc,ACN,84,86,84,86,85,88,77,77,86,89,91,92,94,96,98,99,99,99,100,100,100,100,99,100,99,99,99,99
Adobe Inc.,ADBE,90,87,92,90,86,87,89,Not Avaliable yet,86,84,89,94,82,79,78,69,38,13,16,56,57,61,40,76,66,31,97,96
Linde Plc,LIN,49,51,48,49,53,49,48,Not Avaliable yet,49,29,28,24,13,30,47,62,65,64,64,68,70,56,73,69,66,67,52,56
Mcdonald's Corporation,MCD,88,87,89,87,87,85,90,Not Avaliable yet,86,81,90,82,89,89,86,89,78,84,85,85,87,86,87,80,45,58,50,53
"Servicenow, Inc.",NOW,46,62,59,30,54,44,36,Not Avaliable yet,62,16,15,21,94,2,3,0,3,1,3,2,2,98,15,16,7,Not Avaliable yet,Not Avaliable yet,Not Avaliable yet
"Thermo Fisher Scientific, Inc.",TMO,36,38,41,31,32,46,42,Not Avaliable yet,36,43,54,68,44,35,30,37,37,30,20,32,20,29,34,31,18,8,18,28
Abbott Laboratories,ABT,46,50,48,45,44,55,50,Not Avaliable yet,49,57,62,58,42,26,10,32,41,27,37,77,62,60,70,72,57,19,69,69
Ge Aerospace,GE,52,29,52,68,31,38,20,Not Avaliable yet,27,6,7,13,11,38,20,49,10,73,30,23,19,19,35,35,27,26,25,20
Texas Instruments Incorporated,TXN,68,83,73,62,59,75,84,Not Avaliable yet,83,94,95,96,94,96,92,91,88,85,71,57,66,95,78,83,93,86,75,61
International Business Machines Corporation,IBM,40,39,5,47,48,62,36,Not Avaliable yet,38,20,37,54,64,72,48,87,92,94,94,94,93,92,93,91,71,75,48,72
Intuit Inc,INTU,56,57,10,95,30,23,4,44,50,38,71,86,95,98,99,97,75,90,88,90,78,71,68,66,62,83,86,76
Philip Morris International Inc.,PM,86,88,89,86,81,90,82,Not Avaliable yet,87,89,99,99,97,98,95,99,99,99,99,98,99,98,96,97,95,98,98,97
Caterpillar Inc.,CAT,77,74,73,80,80,73,74,Not Avaliable yet,73,51,48,40,62,79,14,7,40,52,55,53,54,38,20,42,39,44,32,25
Goldman Sachs Group Inc.,GS,8,17,15,8,14,11,11,Not Avaliable yet,16,28,20,18,11,29,12,14,11,10,11,13,10,12,27,18,14,12,13,11
Intuitive Surgical Inc.,ISRG,57,57,58,55,62,67,52,Not Avaliable yet,56,39,63,45,72,71,66,67,69,63,84,82,80,82,76,69,66,49,84,26
Qualcomm Inc,QCOM,84,85,81,81,82,88,71,74,80,95,93,90,83,0,21,67,60,79,80,69,68,60,50,75,77,71,73,78
The Walt Disney Company,DIS,27,4,17,35,9,29,17,8,14,10,9,23,33,79,70,77,71,64,57,58,47,44,47,50,40,30,30,29
Amgen Inc,AMGN,37,45,51,44,43,31,47,Not Avaliable yet,45,49,59,67,82,79,19,68,66,51,54,56,45,65,77,66,52,43,68,44
Comcast Corp,CMCSA,43,46,44,48,46,38,46,Not Avaliable yet,45,28,34,42,45,39,84,51,51,52,45,47,34,29,43,28,15,14,13,10
Verizon Communications,VZ,27,30,36,42,45,10,44,Not Avaliable yet,28,42,51,65,72,51,91,75,82,62,85,78,66,65,74,11,64,55,51,51
Booking Holdings Inc.,BKNG,96,95,99,97,81,51,99,Not Avaliable yet,94,84,38,14,92,87,60,71,83,86,90,93,96,89,97,76,60,31,97,31
Morgan Stanley,MS,13,21,16,15,26,21,22,Not Avaliable yet,20,23,28,33,24,20,19,21,21,20,16,11,11,11,17,17,10,15,15,45
Rtx Corporation,RTX,21,13,29,6,22,28,4,Not Avaliable yet,11,26,22,18,38,32,51,66,56,72,66,60,79,77,81,83,76,78,68,78
American Express Company,AXP,69,54,6,77,78,47,57,Not Avaliable yet,52,60,58,28,39,53,24,54,45,42,42,37,35,31,35,34,8,7,7,25
S&p Global Inc.,SPGI,43,31,46,46,47,30,33,Not Avaliable yet,29,19,98,99,98,99,98,99,97,0,98,96,95,92,94,96,98,97,94,93
At&t Inc.,T,26,36,10,34,36,37,33,Not Avaliable yet,34,2,26,19,31,25,65,37,35,18,64,27,13,59,48,14,30,14,22,23
Lowe's Companies Inc.,LOW,91,95,89,97,94,84,95,91,93,97,92,87,68,76,76,73,73,60,49,45,43,40,58,63,74,73,69,69
Danaher Corporation,DHR,20,26,21,21,29,18,28,Not Avaliable yet,25,47,43,36,18,34,38,37,38,47,49,52,45,51,51,56,44,60,68,64
Applied Materials Inc,AMAT,87,4,87,87,90,92,90,8,91,94,93,88,81,91,91,82,63,61,12,12,79,61,8,59,86,66,53,65
"Nextra Energy, Inc.",NEE,28,33,41,18,23,36,29,Not Avaliable yet,31,11,12,26,27,17,50,32,33,27,19,26,31,35,42,38,29,28,21,28
Progressive Corporation,PGR,97,66,6,67,92,89,73,Not Avaliable yet,65,10,64,89,83,74,64,54,68,71,73,69,58,67,72,13,77,85,81,93
"Uber Technologies, Inc.",UBER,47,18,67,67,13,52,46,Not Avaliable yet,17,1,1,1,1,1,99,0,Not Avaliable yet,Not Avaliable yet,Not Avaliable yet,Not Avaliable yet,Not Avaliable yet,Not Avaliable yet,Not Avaliable yet,Not Avaliable yet,Not Avaliable yet,Not Avaliable yet,Not Avaliable yet,Not Avaliable yet
Pfizer Inc.,PFE,31,16,58,3,49,5,3,Not Avaliable yet,14,86,78,59,61,62,86,64,52,47,55,61,50,48,56,74,53,70,58,75
"Eaton Corporation, Plcs",ETN,60,4,65,59,55,58,56,Not Avaliable yet,5,29,16,20,32,52,47,49,49,51,40,27,59,50,35,55,59,67,61,68
Union Pacific Corp.,UNP,67,66,68,63,68,65,62,Not Avaliable yet,65,67,71,73,71,69,93,69,73,80,75,73,61,58,48,53,37,33,23,30
"Blackrock, Inc.",BLK,56,52,6,52,59,56,47,Not Avaliable yet,50,51,57,64,57,55,67,54,55,46,43,37,34,30,23,38,31,10,78,75
"Honeywell International, Inc.",HON,60,67,62,62,66,74,64,Not Avaliable yet,67,61,66,69,79,75,26,74,80,79,76,75,55,64,79,74,75,70,44,35
"Tjx Companies, Inc.",TJX,95,94,92,94,96,94,93,89,92,94,19,97,97,95,96,98,98,98,98,96,97,96,95,92,94,93,95,95
Citigroup Inc.,C,7,15,12,12,15,6,13,Not Avaliable yet,14,10,17,17,14,12,6,18,16,8,11,12,10,10,14,11,8,7,7,7
Blackstone Inc.,BX,92,71,1,83,95,34,97,Not Avaliable yet,70,87,99,82,92,91,98,95,88,84,74,19,14,4,4,4,29,74,100,6
Boston Scientific Corp.,BSX,31,29,30,30,34,40,39,Not Avaliable yet,28,13,33,26,97,52,12,41,6,39,6,1,15,4,7,10,7,2,47,81
Conocophillips,COP,75,88,85,56,67,70,90,Not Avaliable yet,88,88,63,7,69,58,12,4,4,34,43,45,61,44,41,100,64,57,97,95
Stryker Corporation,SYK,51,52,46,52,50,63,45,Not Avaliable yet,50,36,37,42,48,75,36,62,65,17,44,66,68,76,82,84,79,79,82,80
Vertex Pharmaceuticals Inc,VRTX,11,78,85,1,80,72,78,Not Avaliable yet,77,81,85,93,76,98,1,11,1,0,0,10,27,0,1,1,0,1,1,0
"Palo Alto Networks, Inc.",PANW,94,90,73,61,100,62,75,80,37,2,1,7,2,2,1,3,1,1,2,9,71,95,15,Not Avaliable yet,Not Avaliable yet,Not Avaliable yet,Not Avaliable yet,Not Avaliable yet
Automatic Data Processing,ADP,90,96,87,97,98,95,97,95,97,97,91,94,88,91,87,83,89,69,79,76,66,87,89,86,81,76,76,77
"Fiserv, Inc.",FI,44,34,53,36,36,43,43,Not Avaliable yet,32,25,12,17,11,72,80,67,64,56,46,55,47,48,53,37,22,68,69,63
Palantir Technologies Inc. Class A,PLTR,34,13,45,43,44,33,19,Not Avaliable yet,11,1,0,1,96,95,Not Avaliable yet,Not Avaliable yet,Not Avaliable yet,Not Avaliable yet,Not Avaliable yet,Not Avaliable yet,Not Avaliable yet,Not Avaliable yet,Not Avaliable yet,Not Avaliable yet,Not Avaliable yet,Not Avaliable yet,Not Avaliable yet,Not Avaliable yet
Bristol-Myers Squibb Co.,BMY,79,83,78,76,83,47,82,Not Avaliable yet,83,53,51,48,14,80,18,77,34,30,59,84,90,84,90,74,75,52,71,70
Lockheed Martin Corp.,LMT,88,90,87,89,86,91,93,Not Avaliable yet,90,88,93,97,98,97,77,94,87,98,95,98,98,95,97,99,89,91,72,64
Gilead Sciences Inc,GILD,61,59,54,78,80,73,78,Not Avaliable yet,58,55,53,13,49,55,47,95,99,99,82,77,83,94,97,97,97,0,90,90
"Micron Technology, Inc.",MU,6,10,29,6,4,3,2,17,1,64,53,37,74,97,85,11,75,83,9,3,17,75,3,7,5,13,13,10
"T-Mobile Us, Inc.",TMUS,42,34,48,42,41,36,33,Not Avaliable yet,32,13,15,23,37,48,70,35,17,10,9,33,24,33,38,26,15,16,84,6
The Charles Schwab Corporation,SCHW,3,37,2,40,55,5,4,Not Avaliable yet,35,49,32,29,64,68,37,58,49,51,47,47,48,41,73,93,99,95,85,42
Starbucks Corp,SBUX,96,95,95,97,94,97,98,92,96,97,95,74,99,92,95,95,96,93,6,87,90,89,64,46,83,82,85,73
Medtronic Plc,MDT,17,21,5,19,29,34,21,25,19,30,21,47,37,17,29,29,14,56,66,71,64,70,67,60,76,68,63,80
"Marsh & Mclennan Companies, Inc.",MMC,73,67,56,76,84,55,54,Not Avaliable yet,66,61,64,63,49,69,61,82,77,77,69,69,61,36,29,12,21,39,17,10
"Analog Devices, Inc.",ADI,15,4,19,10,19,25,41,8,38,28,13,51,47,46,26,71,64,60,58,68,81,84,49,84,81,61,40,70
Boeing Company,BA,1,3,0,1,4,50,2,Not Avaliable yet,3,1,2,2,4,99,100,98,96,96,85,91,92,89,63,97,90,67,52,36
Intel Corp,INTC,1,8,1,3,3,30,8,Not Avaliable yet,7,7,61,78,78,81,46,61,70,78,67,79,90,88,59,69,65,45,87,84
"Prologis, Inc.",PLD,11,15,26,10,11,14,17,Not Avaliable yet,14,12,12,20,13,8,17,15,10,8,7,10,9,15,31,17,25,40,42,54
Chubb Limited,CB,57,56,53,50,58,71,52,Not Avaliable yet,55,38,52,29,30,33,31,39,38,40,56,38,16,56,60,32,63,65,30,46
Kkr & Co. Inc.,KKR,16,64,64,5,7,10,22,Not Avaliable yet,63,4,33,18,12,5,20,12,5,3,1,1,2,1,15,16,7,Not Avaliable yet,Not Avaliable yet,Not Avaliable yet
Deere & Company,DE,53,62,21,57,53,60,68,Not Avaliable yet,61,48,58,40,39,15,18,19,19,33,37,40,38,26,22,33,32,24,27,33
Arista Networks,ANET,86,88,88,88,89,91,91,Not Avaliable yet,87,84,80,80,91,65,91,80,74,74,94,88,6,Not Avaliable yet,Not Avaliable yet,Not Avaliable yet,Not Avaliable yet,Not Avaliable yet,Not Avaliable yet,Not Avaliable yet
Lam Research Corp,LRCX,90,89,91,89,89,87,88,78,93,95,95,86,87,89,81,55,48,45,12,15,88,83,4,79,98,79,95,46
"Elevance Health, Inc.",ELV,48,100,34,57,66,31,44,Not Avaliable yet,100,48,54,63,53,43,54,41,40,37,40,41,44,50,56,64,53,47,33,17
The Southern Company,SO,27,23,38,24,25,24,34,Not Avaliable yet,22,19,14,35,25,19,17,26,28,23,20,34,31,32,38,35,30,30,33,37
"United Parcel Service, Inc. Class B",UPS,70,75,70,62,61,75,62,Not Avaliable yet,74,83,95,47,53,83,85,89,95,92,94,31,87,84,74,81,11,87,80,76
Ge Vernova Inc.,GEV,5,1,2,83,1,9,7,Not Avaliable yet,0,0,5,Not Avaliable yet,Not Avaliable yet,Not Avaliable yet,Not Avaliable yet,Not Avaliable yet,Not Avaliable yet,Not Avaliable yet,Not Avaliable yet,Not Avaliable yet,Not Avaliable yet,Not Avaliable yet,Not Avaliable yet,Not Avaliable yet,Not Avaliable yet,Not Avaliable yet,Not Avaliable yet,Not Avaliable yet
The Cigna Group,CI,46,52,29,47,1,91,9,Not Avaliable yet,50,44,37,52,0,11,68,56,64,66,47,57,51,76,82,26,78,82,80,90
Trane Technologies Plc,TT,81,78,86,86,74,76,83,Not Avaliable yet,78,71,65,61,63,65,69,67,44,53,39,60,22,41,41,6,36,72,65,61
"Nike, Inc.",NKE,82,82,71,79,76,79,80,71,67,73,80,52,91,66,92,92,91,89,86,86,84,82,88,88,85,83,81,79
"Altria Group, Inc.",MO,96,95,96,96,95,95,95,Not Avaliable yet,94,88,91,86,0,74,96,88,97,94,94,93,86,90,91,95,96,88,83,85
American Tower Corporation,AMT,45,22,42,48,49,12,20,Not Avaliable yet,20,17,24,41,37,38,39,36,26,36,26,39,28,24,33,27,13,10,11,9
Parker-Hannifin Corporation,PH,60,58,62,63,63,53,50,46,22,33,59,61,63,49,47,61,69,53,61,83,73,53,56,67,67,59,63,49
The Sherwin-Williams Company,SHW,80,81,85,85,69,65,85,Not Avaliable yet,80,66,73,83,70,57,76,94,97,93,84,79,68,73,77,74,94,89,91,84
Intercontinental Exchange Inc.,ICE,28,28,32,26,34,28,25,Not Avaliable yet,27,20,55,40,43,40,54,40,33,28,10,63,65,63,19,64,65,96,72,65
Kla Corporation,KLAC,92,91,95,95,90,92,93,82,95,96,93,90,80,83,90,87,77,69,70,84,89,39,4,43,60,34,64,39
"Paypal Holdings, Inc.",PYPL,66,58,63,63,61,71,55,Not Avaliable yet,57,39,64,58,52,50,53,52,47,17,55,7,Not Avaliable yet,Not Avaliable yet,Not Avaliable yet,Not Avaliable yet,Not Avaliable yet,Not Avaliable yet,Not Avaliable yet,Not Avaliable yet
Amphenol Corporation,APH,70,68,72,69,74,70,71,Not Avaliable yet,68,69,66,74,73,74,48,70,70,68,70,72,73,79,75,85,84,80,70,87
"Mondelez International, Inc. Class A",MDLZ,41,43,32,10,73,38,61,Not Avaliable yet,42,21,33,32,42,22,34,31,85,29,36,30,35,26,52,31,24,35,33,32
Regeneron Pharmaceuticals Inc,REGN,54,60,62,56,52,60,63,Not Avaliable yet,60,68,94,89,77,90,83,85,83,70,86,99,2,2,4,6,3,1,1,13
Duke Energy Corporation,DUK,19,19,25,15,21,25,29,Not Avaliable yet,18,17,16,30,18,13,22,21,20,13,16,15,17,15,24,26,18,14,21,22
"Equinix, Inc. Reit",EQIX,17,17,23,19,18,16,24,Not Avaliable yet,16,14,14,22,16,18,22,25,33,1,33,27,18,16,29,78,9,7,2,2
Synopsys Inc,SNPS,76,77,79,66,80,80,77,Not Avaliable yet,77,71,58,69,61,50,20,43,34,37,36,33,50,53,49,62,26,9,2,20
Pnc Financial Services Group,PNC,52,32,6,4,16,81,24,Not Avaliable yet,30,33,28,70,20,34,65,56,53,52,65,69,70,75,82,31,45,84,55,16
Aon Plc Class A,AON,60,90,41,44,91,89,80,Not Avaliable yet,90,89,62,84,76,60,30,72,69,66,51,51,44,32,58,51,38,41,39,43
"Motorola Solutions, Inc.",MSI,90,88,90,86,60,93,91,Not Avaliable yet,88,82,86,88,88,90,2,86,79,2,85,81,60,11,12,5,6,62,71,54
Cadence Design Systems,CDNS,59,86,62,64,77,90,86,Not Avaliable yet,86,82,84,85,96,81,62,75,77,43,68,96,51,19,3,0,39,17,12,14
"Waste Management, Inc.",WM,56,55,63,58,65,46,60,Not Avaliable yet,54,53,52,56,53,63,73,57,55,59,9,38,39,43,54,49,48,49,57,43
Cme Group Inc.,CME,45,43,46,41,46,44,36,Not Avaliable yet,42,33,29,44,32,27,73,38,27,20,16,17,36,18,28,25,18,80,96,94
"Chipotle Mexican Grill, Inc.",CMG,94,71,94,83,76,64,70,Not Avaliable yet,70,61,52,43,40,56,64,13,89,88,89,89,84,89,85,60,53,30,57,10
General Dynamics Corporation,GD,54,54,56,54,53,59,53,Not Avaliable yet,53,54,55,68,72,68,82,86,87,81,71,4,72,78,80,77,68,65,60,61
Zoetis Inc.,ZTS,83,81,85,85,83,76,83,Not Avaliable yet,81,73,79,78,79,77,71,79,61,70,66,58,44,18,15,Not Avaliable yet,Not Avaliable yet,Not Avaliable yet,Not Avaliable yet,Not Avaliable yet
Mckesson Corporation,MCK,100,99,100,100,99,97,99,100,99,98,97,70,11,21,94,77,62,39,69,73,54,69,62,63,50,44,4,47
U.S. Bancorp,USB,16,22,24,19,21,15,23,Not Avaliable yet,20,31,37,29,28,43,45,45,34,31,37,42,37,32,39,38,47,53,48,37
Welltower Inc.,WELL,6,11,18,7,12,3,10,Not Avaliable yet,10,8,9,19,14,14,11,27,21,15,11,16,10,15,23,21,0,2,0,0
"Crowdstrike Holdings, Inc. Class A",CRWD,6,4,11,4,12,8,5,7,2,0,2,2,0,96,100,Not Avaliable yet,Not Avaliable yet,Not Avaliable yet,Not Avaliable yet,Not Avaliable yet,Not Avaliable yet,Not Avaliable yet,Not Avaliable yet,Not Avaliable yet,Not Avaliable yet,Not Avaliable yet,Not Avaliable yet,Not Avaliable yet
Transdigm Group Incorporated,TDG,65,0,69,63,65,60,61,1,56,46,45,59,55,66,64,57,56,55,48,50,37,51,59,48,33,18,28,19
Cintas Corp,CTAS,85,85,87,85,85,81,84,75,82,77,78,78,73,72,49,79,71,50,52,52,34,36,49,57,53,54,54,59
"Eog Resources, Inc.",EOG,80,84,78,80,77,83,85,Not Avaliable yet,84,94,74,15,54,65,77,4,3,65,57,16,29,9,30,88,62,85,90,77
Colgate-Palmolive Company,CL,95,92,94,96,95,93,94,Not Avaliable yet,91,92,97,96,95,98,96,98,92,97,95,95,97,99,98,97,96,96,96,95
Moody's Corporation,MCO,78,73,78,82,84,65,69,Not Avaliable yet,72,62,82,87,88,85,82,71,97,97,96,96,99,99,100,100,100,100,100,99
Constellation Energy Corporation,CEG,67,21,100,84,75,6,64,Not Avaliable yet,19,5,6,25,40,24,9,27,40,16,19,18,Not Avaliable yet,Not Avaliable yet,Not Avaliable yet,Not Avaliable yet,Not Avaliable yet,Not Avaliable yet,Not Avaliable yet,Not Avaliable yet
Illinois Tool Works Inc.,ITW,89,89,90,87,90,86,89,Not Avaliable yet,88,86,87,84,87,87,69,83,78,71,57,65,71,67,55,80,74,75,76,75
Emerson Electric Co.,EMR,3,33,41,34,1,10,33,28,34,62,67,71,78,76,70,70,75,80,77,82,80,73,75,83,83,77,66,67
Northrop Grumman Corp.,NOC,37,36,57,50,56,5,50,Not Avaliable yet,35,73,73,71,89,65,51,84,84,76,63,72,73,62,60,11,40,32,27,24
3m Company,MMM,84,1,84,85,72,79,0,Not Avaliable yet,1,73,62,65,59,84,83,90,89,92,86,84,86,85,84,86,93,96,93,90
Capital One Financial,COF,12,4,42,6,18,8,31,Not Avaliable yet,4,46,55,19,20,41,8,8,8,6,4,7,6,6,14,15,6,31,77,53
"O'reilly Automotive, Inc.",ORLY,95,4,96,98,97,96,96,8,97,95,96,93,87,96,95,96,95,90,88,84,69,61,56,33,49,54,59,54
Target Corporation,TGT,70,69,71,57,81,62,58,56,53,84,77,76,70,66,69,68,61,40,54,55,52,47,50,50,57,51,40,48
Csx Corporation,CSX,60,61,60,60,60,57,55,Not Avaliable yet,60,63,64,64,67,62,90,51,55,56,58,59,58,54,53,55,37,44,31,16
Cvs Health Corporation,CVS,18,30,12,27,14,32,30,Not Avaliable yet,28,36,29,42,26,3,61,56,47,54,49,48,36,40,52,40,28,43,56,48
"Air Products & Chemicals, Inc.",APD,51,4,82,34,37,40,45,8,38,40,41,56,60,46,44,50,52,35,36,45,56,54,43,62,55,43,45,44
Williams Companies Inc.,WMB,32,42,30,23,39,42,40,Not Avaliable yet,41,32,23,28,24,10,68,14,9,13,21,38,74,9,35,52,33,15,19,13
"Becton, Dickinson and Co.",BDX,9,4,15,23,30,17,14,8,16,20,27,20,17,5,27,39,23,69,59,71,77,79,84,78,72,68,70,69
Autodesk Inc,ADSK,82,81,82,81,86,85,85,70,85,64,98,69,4,0,1,11,17,38,44,74,62,13,70,93,92,98,97,78
Marriot International Class A,MAR,85,92,81,93,85,93,96,Not Avaliable yet,92,83,64,14,62,71,53,38,100,99,97,96,86,66,8,43,77,74,38,33
"Hca Healthcare, Inc.",HCA,79,80,75,80,82,81,72,Not Avaliable yet,80,75,84,83,78,80,71,83,83,82,79,80,83,83,82,57,64,51,49,55
Fedex Corporation,FDX,38,40,30,50,38,38,44,32,33,45,47,38,53,63,55,42,26,57,38,65,43,40,17,35,61,62,57,35
General Motors Company,GM,21,17,28,50,48,17,37,Not Avaliable yet,16,18,26,27,22,9,9,81,30,9,19,46,51,48,1,99,Not Avaliable yet,Not Avaliable yet,Not Avaliable yet,Not Avaliable yet
Freeport-Mcmoran Inc.,FCX,73,66,74,76,71,62,64,Not Avaliable yet,64,71,88,37,4,67,61,3,0,7,45,85,94,96,93,1,73,99,98,45
Arthur J. Gallagher & Co.,AJG,44,54,51,31,63,17,51,Not Avaliable yet,52,42,46,55,49,50,51,55,74,37,46,48,41,50,62,43,70,92,0,97
Carrier Global Corporation,CARR,29,30,42,29,24,41,45,Not Avaliable yet,29,53,53,56,68,78,46,Not Avaliable yet,Not Avaliable yet,Not Avaliable yet,Not Avaliable yet,Not Avaliable yet,Not Avaliable yet,Not Avaliable yet,Not Avaliable yet,Not Avaliable yet,Not Avaliable yet,Not Avaliable yet,Not Avaliable yet,Not Avaliable yet
"Oneok, Inc.",OKE,35,39,37,41,35,46,26,Not Avaliable yet,37,47,47,50,40,42,27,58,42,55,32,46,54,46,49,32,30,29,23,31
"Ecolab, Inc.",ECL,63,47,77,61,58,52,49,Not Avaliable yet,46,14,17,33,52,48,58,59,48,51,41,36,15,84,80,77,73,67,65,72
Schlumberger Limited,SLB,63,61,69,64,59,67,61,Not Avaliable yet,60,56,8,8,4,19,33,17,39,69,62,63,57,46,69,90,93,90,77,56
Truist Financial Corporation,TFC,4,4,18,1,17,28,19,Not Avaliable yet,5,24,31,31,12,28,26,29,21,19,15,29,28,33,44,45,52,50,56,50
"Fortinet, Inc.",FTNT,99,100,99,100,99,99,99,Not Avaliable yet,100,100,94,99,85,93,25,20,9,13,34,64,76,80,98,2,100,6,Not Avaliable yet,Not Avaliable yet
Hilton Worldwide Holdings Inc.,HLT,80,82,83,90,82,57,97,Not Avaliable yet,82,74,45,9,75,60,86,23,63,27,17,17,29,7,Not Avaliable yet,Not Avaliable yet,Not Avaliable yet,Not Avaliable yet,Not Avaliable yet,Not Avaliable yet
Norfolk Southern Corp.,NSC,42,34,70,49,83,19,37,Not Avaliable yet,32,58,57,54,58,54,89,48,44,55,52,56,57,48,44,59,46,45,40,35
Paccar Inc,PCAR,57,69,47,46,80,71,76,Not Avaliable yet,69,51,34,34,52,49,73,42,65,42,53,42,48,29,21,72,56,53,95,60
"Roper Technologies, Inc.",ROP,24,25,26,23,27,29,26,Not Avaliable yet,24,21,24,35,41,41,49,35,45,50,45,48,52,45,47,52,43,35,35,22
"Airbnb, Inc. Class A",ABNB,55,94,97,61,13,1,100,Not Avaliable yet,94,79,32,0,99,6,8,Not Avaliable yet,Not Avaliable yet,Not Avaliable yet,Not Avaliable yet,Not Avaliable yet,Not Avaliable yet,Not Avaliable yet,Not Avaliable yet,Not Avaliable yet,Not Avaliable yet,Not Avaliable yet,Not Avaliable yet,Not Avaliable yet
"The Travelers Companies, Inc.",TRV,19,99,6,30,65,7,26,Not Avaliable yet,99,48,44,44,37,45,41,60,66,64,64,46,23,55,66,51,69,66,29,14
Sempra,SRE,72,38,72,17,15,21,20,Not Avaliable yet,37,9,12,31,22,20,12,22,29,24,25,32,28,35,33,28,36,34,34,54
"United Rentals, Inc.",URI,62,65,68,61,59,68,68,Not Avaliable yet,64,57,51,60,55,45,74,53,50,44,35,27,35,12,20,7,37,37,29,21
Bank of New York Mellon Corporation,BK,18,32,28,25,22,11,24,Not Avaliable yet,31,40,22,30,30,51,27,30,24,22,14,21,17,20,11,23,15,52,34,42
Johnson Controls International Plc,JCI,45,20,54,71,4,35,55,24,58,46,35,41,37,36,38,23,57,49,42,45,48,56,22,56,48,52,54,60
Nxp Semiconductors N.v.,NXPI,67,68,71,63,66,66,70,Not Avaliable yet,67,68,59,100,14,64,66,8,56,87,69,49,22,21,4,3,Not Avaliable yet,Not Avaliable yet,Not Avaliable yet,Not Avaliable yet
Fair Isaac Corporation,FICO,97,96,97,97,96,94,95,93,95,95,83,88,81,68,72,67,57,59,58,60,46,40,42,39,39,33,49,37
"Digital Realty Trust, Inc.",DLR,7,10,12,5,7,9,9,Not Avaliable yet,8,7,8,15,12,8,15,24,15,11,17,21,22,20,33,18,4,3,94,4
Aflac Inc.,AFL,55,96,4,81,85,20,79,Not Avaliable yet,96,67,50,66,48,49,78,60,65,66,81,75,59,79,73,70,70,70,71,71
Royal Caribbean Group,RCL,82,53,83,68,57,96,60,Not Avaliable yet,52,3,0,3,35,36,42,36,13,12,8,1,12,12,9,23,14,16,29,11
"Simon Property Group, Inc.",SPG,49,45,50,46,47,48,44,Not Avaliable yet,44,38,39,43,54,49,52,53,52,44,39,39,39,40,39,36,31,25,28,23
"Ameriprise Financial, Inc.",AMP,83,4,6,93,96,79,83,Not Avaliable yet,5,89,83,67,38,84,72,52,40,42,30,19,16,34,72,13,39,28,25,57
"W.W. Grainger, Inc.",GWW,91,93,92,94,94,89,93,Not Avaliable yet,93,90,85,81,84,81,78,81,85,88,89,84,84,82,78,79,82,75,66,67
"Autozone, Inc.",AZO,98,98,99,99,98,98,100,99,99,100,99,97,98,97,97,98,98,99,99,97,99,98,96,94,95,94,95,95
Phillips 66,PSX,24,57,10,21,35,42,71,Not Avaliable yet,56,77,49,10,61,53,40,15,52,39,28,53,61,12,13,Not Avaliable yet,Not Avaliable yet,Not Avaliable yet,Not Avaliable yet,Not Avaliable yet
Public Storage,PSA,59,72,72,51,53,54,53,Not Avaliable yet,72,55,48,69,66,61,68,73,68,57,50,54,41,37,49,16,7,6,6,6
"Kinder Morgan, Inc.",KMI,23,22,24,17,28,25,21,Not Avaliable yet,21,8,21,15,10,13,11,14,10,18,29,22,19,17,34,16,7,Not Avaliable yet,Not Avaliable yet,Not Avaliable yet
Marathon Petroleum Corporation,MPC,59,82,47,59,55,59,85,Not Avaliable yet,82,87,29,6,29,25,60,42,53,72,76,88,81,21,25,52,Not Avaliable yet,Not Avaliable yet,Not Avaliable yet,Not Avaliable yet
The Allstate Corporation,ALL,62,4,49,26,78,64,1,Not Avaliable yet,5,2,8,69,62,43,57,10,8,5,46,8,6,8,16,15,7,6,6,5
"American Electric Power Company, Inc.",AEP,47,20,55,16,38,20,34,Not Avaliable yet,18,22,23,33,23,24,30,19,28,23,23,25,55,22,39,32,23,18,24,35
Realty Income Corporation,O,14,30,35,10,11,16,14,Not Avaliable yet,29,9,9,25,15,15,22,22,20,16,14,26,24,28,15,16,25,23,6,13
"L3harris Technologies, Inc.",LHX,26,16,26,22,20,52,30,Not Avaliable yet,15,34,34,45,34,71,62,59,51,22,81,80,74,71,86,73,72,39,47,57
Vistra Corp.,VST,53,48,95,34,90,13,56,Not Avaliable yet,47,2,2,37,40,6,5,20,79,0,6,12,Not Avaliable yet,Not Avaliable yet,Not Avaliable yet,Not Avaliable yet,Not Avaliable yet,Not Avaliable yet,Not Avaliable yet,Not Avaliable yet
Copart Inc,CPRT,73,71,66,77,74,74,79,59,77,81,87,89,91,82,90,84,72,70,77,83,79,69,78,78,67,64,61,61
Cummins Inc.,CMI,29,25,78,71,75,1,68,Not Avaliable yet,24,44,71,65,84,83,56,80,80,83,80,89,95,87,66,88,84,88,75,58
D.R. Horton Inc.,DHI,64,63,59,72,69,58,81,52,73,80,79,74,57,55,50,53,40,26,26,90,33,45,6,3,4,42,63,63
"Dominion Energy, Inc.",D,15,15,26,14,16,13,20,Not Avaliable yet,13,8,13,17,13,21,38,32,29,23,30,15,23,57,38,45,16,24,18,22
"Quanta Services, Inc.",PWR,36,40,52,37,22,45,54,Not Avaliable yet,39,30,25,54,36,35,41,32,15,34,41,42,17,20,33,30,18,10,13,8
Newmont Corporation,NEM,79,2,49,46,14,4,11,Not Avaliable yet,2,99,5,47,57,12,8,91,12,9,15,62,69,90,88,59,74,40,26,45
"American International Group, Inc.",AIG,13,24,14,17,37,6,58,Not Avaliable yet,23,66,47,6,11,4,92,7,18,15,27,22,0,17,6,4,12,20,9,20
"Fidelity National Information Services, Inc.",FIS,22,12,22,21,25,18,16,Not Avaliable yet,11,12,7,13,8,28,52,21,15,36,27,33,26,18,19,24,22,21,72,88
Fastenal Co,FAST,90,91,90,91,91,88,91,Not Avaliable yet,91,88,89,91,89,89,88,88,91,91,92,92,91,87,80,91,91,87,87,85
"Metlife, Inc.",MET,87,99,98,33,33,20,6,Not Avaliable yet,99,26,21,25,23,41,36,5,17,21,7,11,44,16,10,46,45,57,49,46
Paychex Inc,PAYX,93,93,93,93,95,92,94,88,93,93,92,94,93,98,98,98,98,97,96,95,96,49,98,98,93,94,93,92
Ross Stores Inc,ROST,83,84,84,82,91,78,82,73,82,85,10,98,97,96,97,97,97,97,97,97,97,96,94,89,91,90,86,94
Te Connectivity Ltd,TEL,79,80,31,59,64,94,60,69,55,65,68,6,67,76,64,92,55,71,71,56,63,55,3,45,5,39,6,6
"Msci, Inc.",MSCI,92,91,92,92,90,92,92,Not Avaliable yet,91,87,84,91,86,85,74,72,58,48,51,50,42,21,61,61,59,23,22,6
Howmet Aerospace Inc.,HWM,73,56,79,69,68,63,54,Not Avaliable yet,55,40,33,55,60,39,8,2,5,4,1,10,14,10,7,16,43,45,29,34
Discover Financial Services,DFS,75,50,50,72,13,93,38,Not Avaliable yet,49,67,70,22,40,53,43,50,46,44,52,58,56,34,86,87,80,91,79,6
Kenvue Inc.,KVUE,47,47,43,59,51,42,48,Not Avaliable yet,46,32,48,7,5,Not Avaliable yet,Not Avaliable yet,Not Avaliable yet,Not Avaliable yet,Not Avaliable yet,Not Avaliable yet,Not Avaliable yet,Not Avaliable yet,Not Avaliable yet,Not Avaliable yet,Not Avaliable yet,Not Avaliable yet,Not Avaliable yet,Not Avaliable yet,Not Avaliable yet
Crown Castle Inc.,CCI,32,37,40,18,28,33,29,Not Avaliable yet,36,36,30,33,24,18,19,26,21,21,8,8,32,24,21,19,10,11,8,5
Pg&e Corporation,PCG,30,52,29,15,26,50,2,Not Avaliable yet,50,58,4,36,14,1,31,33,21,29,18,23,19,28,44,39,32,29,29,92
Kimberly-Clark Corp.,KMB,91,80,96,87,89,79,7,Not Avaliable yet,80,80,82,92,93,85,95,96,74,87,85,76,69,74,86,80,82,73,82,86
"Prudential Financial, Inc.",PRU,61,4,36,38,59,7,3,Not Avaliable yet,5,4,28,9,10,36,65,29,30,8,4,10,16,16,16,15,8,7,5,5
"Ametek, Inc.",AME,55,55,56,53,55,54,59,Not Avaliable yet,53,43,40,60,49,58,64,59,67,66,65,67,63,57,57,60,56,59,51,57
Valero Energy Corporation,VLO,50,87,20,40,64,59,89,Not Avaliable yet,86,92,22,8,50,55,73,55,77,74,54,46,46,36,14,9,82,90,78,77
"Axon Enterprise, Inc.",AXON,10,35,15,13,8,37,41,Not Avaliable yet,33,12,2,10,5,23,16,63,67,76,82,79,3,5,14,21,49,3,8,87
Ford Motor Company,F,7,13,13,7,8,7,12,Not Avaliable yet,11,19,44,32,5,5,15,12,15,9,14,18,89,56,27,12,14,4,36,29
Baker Hughes Company,BKR,50,38,59,49,42,48,42,Not Avaliable yet,37,0,3,47,9,7,6,15,5,6,Not Avaliable yet,Not Avaliable yet,Not Avaliable yet,Not Avaliable yet,Not Avaliable yet,Not Avaliable yet,Not Avaliable yet,Not Avaliable yet,Not Avaliable yet,Not Avaliable yet
Public Service Enterprise Group Incorporated,PEG,22,42,28,11,29,29,60,Not Avaliable yet,41,27,15,39,42,26,36,23,43,38,32,39,41,47,63,40,41,22,24,21
Old Dominion Freight Line,ODFL,89,89,86,91,86,89,92,Not Avaliable yet,88,93,90,81,78,83,83,78,82,79,75,71,63,45,31,49,47,52,56,55
"Cencora, Inc.",COR,93,92,11,95,96,94,88,83,92,91,86,0,67,7,15,13,11,7,7,9,78,77,74,64,54,36,30,45
Republic Services Inc.,RSG,51,45,57,47,44,51,47,Not Avaliable yet,45,39,43,52,44,40,54,36,34,21,23,30,30,27,39,19,52,50,37,40
Targa Resources Corp.,TRGP,59,61,64,59,64,56,48,Not Avaliable yet,61,50,61,93,3,6,10,10,13,81,48,55,80,43,62,48,Not Avaliable yet,Not Avaliable yet,Not Avaliable yet,Not Avaliable yet
Ingersoll Rand Inc.,IR,30,32,34,31,35,40,37,Not Avaliable yet,30,22,18,14,31,48,7,13,4,6,87,Not Avaliable yet,Not Avaliable yet,Not Avaliable yet,Not Avaliable yet,Not Avaliable yet,Not Avaliable yet,Not Avaliable yet,Not Avaliable yet,Not Avaliable yet
"Gartner, Inc.",IT,84,91,80,91,87,88,87,Not Avaliable yet,90,90,89,70,51,23,9,94,94,97,96,94,97,92,90,94,87,78,3,26
Lennar Corporation Class A,LEN,61,66,61,54,43,76,66,Not Avaliable yet,65,75,74,61,34,24,35,40,30,25,29,44,11,11,13,8,2,20,72,100
"Cbre Group, Inc.",CBRE,34,35,40,22,33,57,34,Not Avaliable yet,34,56,69,49,65,48,48,46,39,58,54,34,21,49,100,2,59,38,81,33
"Delta Air Lines, Inc.",DAL,66,65,65,80,61,65,77,Not Avaliable yet,64,14,6,1,56,74,74,90,93,35,99,85,83,93,17,19,23,4,100,19
Otis Worldwide Corporation,OTIS,99,99,98,99,99,98,98,Not Avaliable yet,98,99,97,99,99,99,97,Not Avaliable yet,Not Avaliable yet,Not Avaliable yet,Not Avaliable yet,Not Avaliable yet,Not Avaliable yet,Not Avaliable yet,Not Avaliable yet,Not Avaliable yet,Not Avaliable yet,Not Avaliable yet,Not Avaliable yet,Not Avaliable yet
"Verisk Analytics, Inc.",VRSK,88,88,88,88,91,82,86,Not Avaliable yet,87,77,57,73,51,65,65,74,63,91,89,88,94,97,92,3,3,Not Avaliable yet,Not Avaliable yet,Not Avaliable yet
"Corteva, Inc.",CTVA,19,40,3,69,39,10,5,Not Avaliable yet,39,25,33,27,12,15,5,9,Not Avaliable yet,Not Avaliable yet,Not Avaliable yet,Not Avaliable yet,Not Avaliable yet,Not Avaliable yet,Not Avaliable yet,Not Avaliable yet,Not Avaliable yet,Not Avaliable yet,Not Avaliable yet,Not Avaliable yet
Cognizant Technology Solutions,CTSH,63,64,64,65,68,67,62,Not Avaliable yet,63,69,71,67,74,75,62,69,76,74,1,87,87,86,87,87,88,84,89,89
Edwards Lifesciences Corp,EW,62,76,63,70,78,75,76,Not Avaliable yet,75,80,76,92,83,79,74,82,80,63,77,82,76,79,76,68,57,62,53,8
Dell Technologies Inc.,DELL,84,75,80,96,92,77,69,65,79,76,45,0,8,2,6,4,8,Not Avaliable yet,Not Avaliable yet,Not Avaliable yet,Not Avaliable yet,Not Avaliable yet,Not Avaliable yet,Not Avaliable yet,Not Avaliable yet,Not Avaliable yet,Not Avaliable yet,Not Avaliable yet
The Kroger Co.,KR,67,51,49,79,79,55,3,40,65,56,44,50,47,57,59,68,66,58,72,39,42,9,66,56,53,49,4,16
Monster Beverage Corporation,MNST,83,77,82,84,78,70,76,Not Avaliable yet,76,68,81,91,90,90,85,88,70,96,96,99,93,91,97,89,98,98,99,96
Hess Corporation,HES,72,78,57,73,84,56,66,Not Avaliable yet,77,70,38,8,3,2,4,1,4,16,44,35,50,51,29,71,61,66,46,34
Agilent Technologies Inc.,A,68,64,57,58,70,78,23,Not Avaliable yet,63,66,65,61,72,19,55,48,44,45,51,77,75,37,7,68,46,30,10,26
Ge Healthcare Technologies Inc.,GEHC,48,48,50,51,48,51,41,Not Avaliable yet,47,49,60,73,5,Not Avaliable yet,Not Avaliable yet,Not Avaliable yet,Not Avaliable yet,Not Avaliable yet,Not Avaliable yet,Not Avaliable yet,Not Avaliable yet,Not Avaliable yet,Not Avaliable yet,Not Avaliable yet,Not Avaliable yet,Not Avaliable yet,Not Avaliable yet,Not Avaliable yet
Vulcan Materials Company,VMC,39,46,41,56,20,39,49,Not Avaliable yet,45,27,32,48,44,37,67,46,32,26,2,10,9,7,10,15,26,81,59,74
Charter Comm Inc Del Cl a,CHTR,43,43,45,39,40,43,59,Not Avaliable yet,42,37,38,43,19,14,97,77,12,2,90,97,98,1,99,42,19,12,12,2
"Yum! Brands, Inc.",YUM,98,98,98,98,97,98,98,Not Avaliable yet,98,99,99,98,99,99,99,97,95,90,92,94,92,91,94,96,92,92,93,93
Exelon Corporation,EXC,20,19,28,15,24,26,27,Not Avaliable yet,17,17,13,27,21,22,37,17,28,20,22,17,49,55,64,93,88,36,22,90
Sysco Corporation,SYY,76,75,71,84,71,64,72,63,76,63,49,21,78,70,63,61,36,63,67,76,75,85,87,86,87,81,90,91
Electronic Arts Inc,EA,53,58,56,49,46,53,67,47,42,37,41,96,71,78,83,93,92,8,11,23,3,2,2,9,9,20,60,88
"Xcel Energy, Inc.",XEL,26,26,35,19,30,32,36,Not Avaliable yet,25,27,25,38,27,25,28,32,25,24,24,29,25,24,37,29,24,25,23,27
Nucor Corporation,NUE,49,74,27,45,62,54,72,Not Avaliable yet,73,90,96,60,52,78,61,47,35,36,24,33,38,13,12,81,90,97,94,94
Corning Incorporated,GLW,8,14,15,20,15,12,26,Not Avaliable yet,13,25,40,16,22,23,4,37,24,23,17,21,25,39,21,92,38,35,5,1
Martin Marietta Materials,MLM,38,50,54,40,12,46,63,Not Avaliable yet,49,34,30,59,45,32,55,47,28,12,27,25,19,26,34,48,67,64,53,38
Arch Capital Group Ltd,ACGL,75,99,63,81,77,31,66,Not Avaliable yet,98,44,59,53,59,35,33,41,41,63,60,58,41,79,85,42,86,81,41,65
Iqvia Holdings Inc.,IQV,48,44,43,38,43,61,40,Not Avaliable yet,44,34,28,20,12,10,75,12,88,92,91,91,95,7,Not Avaliable yet,Not Avaliable yet,Not Avaliable yet,Not Avaliable yet,Not Avaliable yet,Not Avaliable yet
Microchip Technology Inc,MCHP,33,70,18,20,25,61,80,57,75,52,31,77,41,19,45,49,63,67,20,75,83,58,92,58,72,50,59,49
Keurig Dr Pepper Inc.,KDP,29,28,33,28,27,37,32,Not Avaliable yet,27,25,25,30,18,8,82,76,76,78,92,70,65,72,65,12,31,37,43,42
"Constellation Brands, Inc.",STZ,19,55,1,67,45,54,64,42,4,5,44,11,39,58,57,48,44,83,30,35,42,10,18,10,22,30,22,29
Hp Inc.,HPQ,95,95,93,95,93,96,95,Not Avaliable yet,95,95,100,99,100,100,99,100,61,73,59,99,53,73,77,68,69,60,47,36
Lululemon Athletica Inc.,LULU,94,92,92,88,98,84,95,85,87,90,82,95,94,72,87,93,88,95,95,93,93,90,93,93,85,17,6,99
Resmed Inc.,RMD,78,77,80,82,81,65,68,67,70,74,62,83,66,64,59,65,82,77,74,62,52,63,63,41,22,43,42,59
Idexx Laboratories Inc,IDXX,93,93,95,93,93,91,94,Not Avaliable yet,93,93,98,96,96,97,89,89,86,85,87,86,85,86,87,82,81,88,85,85
M&t Bank Corp.,MTB,24,40,31,24,22,26,39,Not Avaliable yet,39,34,40,41,48,39,38,37,23,29,43,44,38,36,34,42,43,63,51,39
"General Mills, Inc.",GIS,54,57,52,53,60,53,57,43,46,55,52,64,50,52,65,72,52,65,71,65,92,71,66,55,52,49,44,47
Wabtec Inc.,WAB,40,29,44,38,42,34,37,Not Avaliable yet,27,23,20,26,19,30,39,52,84,77,74,77,68,52,65,65,73,69,58,41
"Extra Space Storage, Inc.",EXR,16,16,20,22,20,25,23,Not Avaliable yet,15,42,50,49,41,40,41,39,23,33,23,23,18,15,22,14,16,61,1,14
"Dupont De Nemours, Inc.",DD,13,35,5,11,11,12,8,Not Avaliable yet,33,19,18,28,32,27,26,59,59,47,31,30,31,23,26,25,38,61,64,52
"The Hartford Financial Services Group, Inc.",HIG,65,60,67,65,71,68,61,Not Avaliable yet,60,58,48,46,47,53,11,33,9,4,26,7,20,38,8,7,61,57,55,59
Iron Mountain Inc.,IRM,18,20,51,24,34,23,32,Not Avaliable yet,19,29,26,38,30,32,32,22,39,71,25,34,40,23,43,24,24,18,21,19
Occidental Petroleum Corporation,OXY,25,41,22,37,24,43,96,Not Avaliable yet,40,85,37,9,2,62,27,5,2,4,62,51,72,61,55,89,88,85,96,81
"Consolidated Edison, Inc.",ED,17,25,27,8,32,16,22,Not Avaliable yet,24,17,22,36,25,22,34,31,30,25,29,33,26,28,38,28,27,23,26,20
Humana Inc.,HUM,26,53,35,55,56,4,55,Not Avaliable yet,51,50,53,80,75,54,79,26,50,46,58,57,67,62,72,49,65,46,35,46
"Diamondback Energy, Inc.",FANG,30,67,27,54,68,68,8,Not Avaliable yet,66,82,71,19,58,17,48,6,2,25,18,13,1,22,25,Not Avaliable yet,Not Avaliable yet,Not Avaliable yet,Not Avaliable yet,Not Avaliable yet
"Equifax, Incorporated",EFX,33,31,33,33,35,34,38,Not Avaliable yet,30,35,48,44,3,31,58,58,71,58,55,43,50,53,58,62,49,86,82,87
"Avalonbay Communities, Inc.",AVB,49,42,75,16,17,21,16,Not Avaliable yet,41,14,12,24,17,16,23,25,18,14,39,17,21,8,19,20,20,33,9,5
"Nasdaq, Inc.",NDAQ,25,24,35,23,29,22,37,Not Avaliable yet,22,45,42,50,43,18,43,42,32,30,20,30,27,30,36,29,44,15,15,9
Vici Properties Inc.,VICI,28,4,6,38,36,44,24,Not Avaliable yet,5,18,39,49,31,32,13,9,8,6,Not Avaliable yet,Not Avaliable yet,Not Avaliable yet,Not Avaliable yet,Not Avaliable yet,Not Avaliable yet,Not Avaliable yet,Not Avaliable yet,Not Avaliable yet,Not Avaliable yet
Garmin Ltd,GRMN,77,72,76,67,64,86,65,Not Avaliable yet,71,63,75,79,79,71,80,76,69,52,73,74,71,88,92,96,97,96,91,91
Dow Inc.,DOW,38,4,16,20,46,15,43,Not Avaliable yet,5,62,82,52,77,60,0,9,8,Not Avaliable yet,Not Avaliable yet,Not Avaliable yet,Not Avaliable yet,Not Avaliable yet,Not Avaliable yet,Not Avaliable yet,Not Avaliable yet,Not Avaliable yet,Not Avaliable yet,Not Avaliable yet
Edison International,EIX,22,18,33,24,3,27,19,Not Avaliable yet,17,14,14,31,33,3,21,44,31,41,31,54,6,35,45,35,33,33,37,53
Entergy Corporation,ETR,40,44,37,9,10,99,39,Not Avaliable yet,43,22,14,34,38,1,15,6,8,21,17,26,34,37,46,39,30,25,24,28
Willis Towers Watson Public Limited Companys,WTW,10,36,1,32,42,82,22,Not Avaliable yet,34,27,45,45,30,17,32,20,46,53,60,3,49,60,68,42,80,87,74,91
Centene Corporation,CNC,18,19,20,34,37,6,17,Not Avaliable yet,18,22,21,28,21,21,40,33,58,50,44,5,44,42,57,53,21,3,51,62
Fifth Third Bancorp,FITB,48,44,26,23,23,80,31,Not Avaliable yet,43,38,36,23,33,46,43,34,35,24,41,36,30,25,47,13,54,63,44,36
"Monolithic Power Systems, Inc.",MPWR,74,78,83,70,70,71,84,Not Avaliable yet,78,84,76,76,64,70,60,64,49,49,33,28,21,58,54,63,16,4,17,2
"Rockwell Automation, Inc.",ROK,69,48,68,75,71,58,75,34,78,67,69,95,92,68,81,85,90,89,89,92,92,87,67,89,89,89,89,74
"Wec Energy Group, Inc.",WEC,25,23,19,14,49,30,23,Not Avaliable yet,22,23,24,36,28,26,36,31,16,35,33,34,25,25,32,20,27,17,33,12
Costar Group Inc,CSGP,5,11,11,3,4,12,13,Not Avaliable yet,9,16,18,23,43,37,25,25,7,11,11,12,12,14,32,36,14,12,11,49
Ebay Inc,EBAY,64,50,65,58,73,47,47,Not Avaliable yet,48,57,75,80,77,61,3,90,70,5,51,50,47,53,54,67,12,41,41,51
Tractor Supply Co,TSCO,85,87,81,96,79,82,88,Not Avaliable yet,87,92,92,91,89,91,89,92,94,94,93,92,88,82,81,66,74,71,77,76
Xylem Inc,XYL,31,19,31,28,22,45,16,Not Avaliable yet,18,41,39,46,63,57,44,40,61,56,38,54,45,61,80,Not Avaliable yet,Not Avaliable yet,Not Avaliable yet,Not Avaliable yet,Not Avaliable yet
Ansys Inc,ANSS,41,42,38,37,9,73,18,Not Avaliable yet,41,41,39,55,57,69,59,65,62,59,61,53,46,46,48,39,55,10,78,85
"Raymond James Financial, Inc.",RJF,4,4,6,60,76,95,96,8,95,59,58,51,58,45,39,42,41,39,35,31,38,17,28,28,58,54,40,52
On Semiconductor Corp,ON,66,78,61,57,69,77,78,Not Avaliable yet,77,75,65,41,34,57,80,24,45,41,42,6,11,77,41,6,91,97,88,93
"Cardinal Health, Inc.",CAH,99,96,99,99,99,99,10,94,68,96,97,84,56,3,44,68,61,61,14,64,55,42,61,61,34,53,42,68
"United Airlines Holdings, Inc.",UAL,46,40,59,67,6,41,58,Not Avaliable yet,40,6,4,3,26,52,58,70,99,81,46,8,64,3,8,1,25,14,10,86
"Global Payments, Inc.",GPN,29,14,58,17,15,23,21,Not Avaliable yet,12,5,11,16,10,30,41,21,20,57,53,58,62,66,83,90,68,70,76,77
Take-Two Interactive Software Inc,TTWO,2,1,2,2,51,6,1,2,2,49,67,72,70,54,35,8,1,96,6,2,42,2,77,5,1,16,48,83
"Ppg Industries, Inc.",PPG,51,65,61,64,56,14,56,Not Avaliable yet,64,42,51,67,65,63,72,78,75,68,73,59,80,92,51,58,58,87,86,74
State Street Corporation,STT,12,25,22,27,18,11,16,Not Avaliable yet,24,45,31,39,29,42,40,44,36,32,35,38,33,27,12,48,80,93,88,70
The Kraft Heinz Company,KHC,13,20,5,6,25,30,12,Not Avaliable yet,19,15,17,18,16,22,63,20,9,48,86,67,51,7,Not Avaliable yet,Not Avaliable yet,Not Avaliable yet,Not Avaliable yet,Not Avaliable yet,Not Avaliable yet
Hewlett Packard Enterprise Company,HPE,23,24,23,13,21,34,20,Not Avaliable yet,23,48,30,49,45,97,16,40,24,18,22,7,Not Avaliable yet,Not Avaliable yet,Not Avaliable yet,Not Avaliable yet,Not Avaliable yet,Not Avaliable yet,Not Avaliable yet,Not Avaliable yet
"Keysight Technologies, Inc.",KEYS,49,4,80,42,48,67,67,8,70,74,72,68,65,11,18,74,91,87,97,99,6,7,Not Avaliable yet,Not Avaliable yet,Not Avaliable yet,Not Avaliable yet,Not Avaliable yet,Not Avaliable yet
"Nvr, Inc.",NVR,87,89,91,85,88,80,91,Not Avaliable yet,89,94,88,80,91,93,88,87,86,79,70,40,39,57,61,31,88,97,99,98
"Dexcom, Inc.",DXCM,58,48,48,42,45,77,41,Not Avaliable yet,48,35,13,83,34,1,3,1,1,2,1,0,1,0,0,0,1,4,5,6
Dover Corporation,DOV,56,59,54,60,52,63,64,Not Avaliable yet,58,61,63,65,64,54,50,41,58,65,66,61,63,63,46,63,54,54,46,53
"Pultegroup, Inc.",PHM,80,79,79,83,79,80,76,Not Avaliable yet,79,79,79,75,61,59,31,45,36,34,98,25,5,4,6,6,3,26,59,64
"Leidos Holdings, Inc.",LDOS,64,13,72,66,62,51,1,Not Avaliable yet,12,40,46,58,56,52,43,28,53,2,22,75,5,70,81,70,60,59,36,40
Deckers Outdoor Corp,DECK,94,93,96,77,82,97,94,86,89,88,90,88,88,56,9,65,81,78,80,90,90,89,86,85,66,79,82,57
"Ventas, Inc.",VTR,11,10,74,18,8,2,7,Not Avaliable yet,9,7,8,21,16,16,17,16,19,17,19,20,9,9,26,22,35,6,14,17
Fortive Corporation,FTV,32,32,38,29,26,42,34,Not Avaliable yet,30,28,22,24,28,47,69,77,81,79,79,7,Not Avaliable yet,Not Avaliable yet,Not Avaliable yet,Not Avaliable yet,Not Avaliable yet,Not Avaliable yet,Not Avaliable yet,Not Avaliable yet
Halliburton Company,HAL,72,77,64,72,73,76,72,Not Avaliable yet,76,56,60,53,4,53,3,1,7,76,59,68,77,71,61,91,95,91,94,27
"Brown & Brown, Inc.",BRO,50,4,50,47,63,41,35,Not Avaliable yet,5,37,50,55,45,39,60,47,43,38,45,43,43,49,58,5,2,1,69,1
Mettler-Toledo International,MTD,97,97,98,98,95,95,7,Not Avaliable yet,96,96,98,97,95,95,93,96,96,95,93,92,89,80,90,90,85,86,53,62
Cdw Corporation,CDW,66,72,71,66,58,72,74,Not Avaliable yet,71,69,61,61,68,76,77,66,57,53,44,43,31,100,13,16,81,86,81,76
Broadridge Financial Solutions Inc,BR,63,65,35,90,74,33,39,53,58,49,44,77,81,82,79,80,85,85,79,67,65,86,85,76,73,77,Not Avaliable yet,Not Avaliable yet
"Church & Dwight Co., Inc.",CHD,44,59,3,66,69,50,52,Not Avaliable yet,58,33,66,77,69,63,79,78,72,67,68,61,64,66,62,50,43,38,44,39
The Hershey Company,HSY,81,85,81,48,89,83,87,Not Avaliable yet,84,71,72,79,85,85,88,86,81,91,92,91,91,86,90,72,47,91,84,94
T Rowe Price Group Inc,TROW,70,66,75,70,75,53,73,Not Avaliable yet,66,75,93,91,90,92,87,89,91,88,88,87,88,85,79,85,89,84,85,87
"Tyler Technologies, Inc.",TYL,25,20,36,29,27,22,25,Not Avaliable yet,19,21,19,59,45,50,69,65,37,82,78,87,85,84,89,58,54,48,28,38
Eqt Corp,EQT,5,45,4,5,6,50,6,Not Avaliable yet,44,86,17,7,6,1,62,6,24,40,31,24,40,25,34,40,35,62,65,52
"American Water Works Company, Inc",AWK,20,23,34,22,16,19,30,Not Avaliable yet,21,21,20,34,26,22,23,30,27,24,23,26,19,18,26,11,9,13,6,4
Synchrony Financial,SYF,79,46,55,86,93,28,41,Not Avaliable yet,46,64,66,29,54,50,42,49,43,34,39,41,6,Not Avaliable yet,Not Avaliable yet,Not Avaliable yet,Not Avaliable yet,Not Avaliable yet,Not Avaliable yet,Not Avaliable yet
"Corpay, Inc.",CPAY,62,56,67,56,57,57,56,Not Avaliable yet,55,50,50,62,60,47,47,44,42,28,58,Not Avaliable yet,Not Avaliable yet,Not Avaliable yet,Not Avaliable yet,Not Avaliable yet,Not Avaliable yet,Not Avaliable yet,Not Avaliable yet,Not Avaliable yet
Godaddy Inc,GDDY,98,96,80,73,97,99,83,Not Avaliable yet,96,60,43,5,34,21,16,18,5,3,3,2,6,Not Avaliable yet,Not Avaliable yet,Not Avaliable yet,Not Avaliable yet,Not Avaliable yet,Not Avaliable yet,Not Avaliable yet
Smurfit Westrock Plc,SW,9,69,12,0,100,70,86,Not Avaliable yet,69,53,47,58,5,Not Avaliable yet,Not Avaliable yet,Not Avaliable yet,Not Avaliable yet,Not Avaliable yet,Not Avaliable yet,Not Avaliable yet,Not Avaliable yet,Not Avaliable yet,Not Avaliable yet,Not Avaliable yet,Not Avaliable yet,Not Avaliable yet,Not Avaliable yet,Not Avaliable yet
Veralto Corporation,VLTO,78,82,79,80,81,79,82,Not Avaliable yet,81,82,88,11,Not Avaliable yet,Not Avaliable yet,Not Avaliable yet,Not Avaliable yet,Not Avaliable yet,Not Avaliable yet,Not Avaliable yet,Not Avaliable yet,Not Avaliable yet,Not Avaliable yet,Not Avaliable yet,Not Avaliable yet,Not Avaliable yet,Not Avaliable yet,Not Avaliable yet,Not Avaliable yet
Huntington Bancshares Inc,HBAN,17,27,25,20,23,13,31,Not Avaliable yet,25,47,19,23,28,44,26,17,22,20,28,41,26,15,2,14,9,21,20,17
Equity Residential,EQR,10,27,60,16,18,2,24,Not Avaliable yet,26,15,11,24,17,16,23,24,22,17,10,21,15,13,23,22,30,78,31,47
"Netapp, Inc",NTAP,92,87,87,92,92,87,70,78,92,87,85,98,96,7,55,24,62,67,36,59,67,60,23,65,55,46,57,49
Biogen Inc.,BIIB,32,22,32,41,41,21,5,Not Avaliable yet,21,43,66,84,93,86,73,86,90,92,87,80,77,68,70,59,32,10,11,7
Archer Daniels Midland Company,ADM,25,47,21,36,6,45,58,Not Avaliable yet,47,60,47,53,35,25,25,22,31,36,18,21,36,39,51,33,11,23,20,12
Hubbell Incorporated,HUBB,71,69,75,74,63,63,76,Not Avaliable yet,68,62,54,66,65,58,55,68,70,69,72,72,67,62,65,72,78,63,64,66
Carnival Corporation,CCL,21,28,83,21,54,24,70,Not Avaliable yet,26,1,1,2,44,44,43,53,41,22,15,24,21,35,42,47,42,42,38,41
Dte Energy Company,DTE,24,27,37,13,28,35,30,Not Avaliable yet,26,24,29,35,23,26,34,29,23,31,22,28,30,31,37,28,32,15,12,15
Ppl Corporation,PPL,39,16,40,13,27,23,21,Not Avaliable yet,15,13,5,35,30,31,29,45,38,32,26,37,32,33,36,45,44,40,39,42
Ameren Corporation,AEE,24,18,42,14,17,15,36,Not Avaliable yet,17,20,19,33,26,29,23,33,26,24,25,3,20,10,36,30,24,20,28,22
Devon Energy Corporation,DVN,94,51,91,74,73,78,77,Not Avaliable yet,49,93,80,9,9,46,40,2,0,26,4,18,32,54,6,8,51,59,68,56
Regions Financial Corp.,RF,2,67,6,37,32,0,42,Not Avaliable yet,66,59,56,30,28,36,19,18,14,14,13,19,10,5,10,9,13,41,49,21
"West Pharmaceutical Services, Inc.",WST,71,75,73,65,67,68,75,Not Avaliable yet,74,76,87,76,64,59,52,58,39,51,46,43,37,38,51,56,35,49,53,33
Sba Communications Corp,SBAC,66,54,74,83,76,15,54,Not Avaliable yet,52,44,49,5,32,37,32,28,22,35,13,14,13,12,20,19,11,8,8,4
Cincinnati Financial Corp,CINF,67,64,6,39,83,93,4,Not Avaliable yet,63,3,81,62,79,13,63,46,49,37,38,36,14,34,50,47,61,56,37,40
International Flavors & Fragrances Inc.,IFF,2,14,14,18,8,0,9,Not Avaliable yet,12,15,7,26,23,14,50,76,81,83,77,63,74,76,75,71,70,64,50,67
"Ptc, Inc",PTC,45,49,53,33,54,35,25,38,35,42,61,53,2,42,2,6,26,60,63,4,45,13,28,53,90,61,91,71
"Expedia Group, Inc.",EXPE,56,43,90,78,3,19,77,Not Avaliable yet,43,27,4,4,35,36,35,34,17,61,36,55,54,58,61,2,19,12,14,9
Teledyne Technologies Incorporated,TDY,37,36,43,24,27,50,31,Not Avaliable yet,35,30,16,50,47,56,46,52,54,53,49,51,55,59,70,68,74,56,74,58
Weyerhaeuser Company,WY,31,31,20,38,34,41,32,Not Avaliable yet,29,65,75,45,7,39,31,23,48,50,37,40,41,100,9,8,11,11,15,41
Atmos Energy Corporation,ATO,23,22,17,41,33,15,15,Not Avaliable yet,21,18,19,37,27,41,33,35,34,30,25,29,24,32,42,29,23,18,19,23
Waters Corp,WAT,96,79,96,75,68,86,73,Not Avaliable yet,79,92,95,95,96,86,10,69,68,68,76,82,84,88,91,94,85,83,80,88
"Zimmer Biomet Holdings, Inc.",ZBH,35,30,30,21,24,60,18,Not Avaliable yet,29,16,13,15,33,4,71,16,32,49,52,54,52,46,63,65,65,75,70,61
Lyondellbasell Industries N.v. Class A,LYB,40,49,48,51,42,26,59,Not Avaliable yet,48,69,87,63,76,86,94,91,96,93,89,85,80,82,5,4,7,Not Avaliable yet,Not Avaliable yet,Not Avaliable yet
Western Digital Corp.,WDC,30,3,57,73,20,4,2,5,2,37,23,59,24,20,21,16,67,73,53,78,59,93,71,94,96,97,92,98
Steris Plc,STE,37,31,37,37,40,33,27,28,9,11,16,39,39,35,18,17,46,46,61,70,23,70,69,44,41,29,43,58
Eversource Energy,ES,4,45,9,13,28,24,19,Not Avaliable yet,44,16,16,29,16,19,25,30,25,22,21,20,24,25,37,17,17,42,4,18
Kellanova,K,63,58,73,71,61,40,54,Not Avaliable yet,57,54,55,71,50,60,67,60,47,39,83,57,79,80,89,82,79,76,73,73
Packaging Corp of America,PKG,57,55,68,53,49,52,52,Not Avaliable yet,54,53,49,28,46,70,75,63,67,60,65,57,49,74,87,58,60,46,16,21
Northern Trust Corp,NTRS,35,37,6,77,21,16,23,Not Avaliable yet,36,31,35,37,50,68,63,50,48,46,8,11,10,9,18,19,10,8,9,8
Seagate Technology Holdings Plcs,STX,80,39,93,88,32,97,1,31,2,91,88,85,94,81,76,40,93,93,96,98,56,96,1,82,69,58,87,89
"Builders Firstsource, Inc.",BLDR,74,81,69,75,62,75,84,Not Avaliable yet,81,93,85,75,69,61,29,99,25,58,68,5,3,3,5,5,5,69,71,62
Firstenergy Corp.,FE,18,21,31,7,17,22,32,Not Avaliable yet,20,9,29,38,36,29,13,2,18,14,12,19,13,19,40,34,26,22,19,25
Steel Dynamics Inc,STLD,61,80,46,60,77,59,74,Not Avaliable yet,80,92,94,57,57,82,77,49,7,11,21,28,35,20,19,62,56,92,78,92
"Cboe Global Markets, Inc.",CBOE,65,62,69,62,67,66,65,Not Avaliable yet,62,44,53,62,48,47,54,99,100,100,99,100,99,99,100,95,Not Avaliable yet,Not Avaliable yet,Not Avaliable yet,Not Avaliable yet
"Citizens Financial Group, Inc.",CFG,11,4,23,12,13,10,17,Not Avaliable yet,5,32,36,22,20,34,40,25,18,16,2,20,6,Not Avaliable yet,Not Avaliable yet,Not Avaliable yet,Not Avaliable yet,Not Avaliable yet,Not Avaliable yet,Not Avaliable yet
"Warner Bros. Discovery, Inc. Series a",WBD,3,3,9,2,5,8,9,Not Avaliable yet,3,3,27,48,59,20,45,62,54,54,50,52,57,50,43,30,2,0,6,7
Zebra Technologies Corporation,ZBRA,47,38,58,44,50,96,6,Not Avaliable yet,37,80,81,79,81,74,14,15,10,15,70,72,77,69,40,10,45,22,54,71
"First Solar, Inc.",FSLR,69,53,67,75,58,77,63,Not Avaliable yet,51,72,10,17,8,4,4,3,48,37,34,4,5,81,91,81,51,7,2,1
"The Cooper Companies, Inc.",COO,15,14,21,14,14,19,18,Not Avaliable yet,13,15,94,30,50,9,48,43,27,35,55,52,43,38,36,26,2,16,20,67
Cms Energy Corporation,CMS,19,16,24,12,24,27,19,Not Avaliable yet,15,7,7,16,9,27,24,35,29,28,27,27,29,26,31,38,6,5,5,24
Labcorp Holdings Inc.,LH,20,14,24,28,37,39,25,Not Avaliable yet,13,41,68,65,36,33,59,45,25,48,60,61,58,66,83,69,63,62,55,60
Clorox Company,CLX,93,80,86,92,93,95,85,68,90,51,91,88,86,90,94,93,94,91,93,90,81,90,91,80,95,92,96,92
Omnicom Group Inc.,OMC,68,72,70,69,65,78,74,Not Avaliable yet,71,68,76,71,80,82,79,84,84,82,77,76,76,71,74,75,71,65,63,58
"Darden Restaurants, Inc.",DRI,91,91,85,95,94,85,83,81,92,90,77,46,86,87,79,86,59,34,56,71,73,68,71,65,90,82,73,68
International Paper Co.,IP,82,27,33,62,8,5,16,Not Avaliable yet,26,59,35,38,32,58,90,44,62,73,86,40,53,42,71,47,34,13,41,18
"Centerpoint Energy, Inc.",CNP,22,21,19,19,31,36,27,Not Avaliable yet,20,16,18,10,15,10,66,28,22,19,12,20,26,27,37,30,28,33,23,25
Southwest Airlines Co.,LUV,2,9,11,30,2,3,11,Not Avaliable yet,8,13,25,3,79,78,93,85,91,73,37,18,14,29,20,23,19,28,21,17
"Essex Property Trust, Inc",ESS,16,41,19,3,42,20,99,Not Avaliable yet,40,21,15,39,25,7,10,18,7,4,5,5,4,5,13,21,11,11,25,13
"Nrg Energy, Inc.",NRG,10,11,2,53,41,40,53,Not Avaliable yet,10,54,82,44,100,77,4,16,2,15,7,15,5,19,46,44,27,23,13,11
"Mccormick & Company, Incorporated Non-Vtg Cs",MKC,39,37,45,35,33,45,35,Not Avaliable yet,36,30,36,56,51,63,38,79,68,72,64,74,64,77,72,57,63,55,74,73
Live Nation Entertainment Inc.,LYV,40,59,86,84,85,3,92,Not Avaliable yet,57,45,1,1,17,18,5,14,3,7,95,6,9,5,7,7,5,2,4,3
Insulet Corporation,PODD,78,47,61,94,47,84,47,Not Avaliable yet,47,5,11,11,10,8,6,5,2,3,2,2,2,1,2,1,1,99,6,6
Invitation Homes Inc.,INVH,13,55,6,45,16,29,10,Not Avaliable yet,54,12,4,8,3,7,11,13,10,5,Not Avaliable yet,Not Avaliable yet,Not Avaliable yet,Not Avaliable yet,Not Avaliable yet,Not Avaliable yet,Not Avaliable yet,Not Avaliable yet,Not Avaliable yet,Not Avaliable yet
"Molina Healthcare, Inc.",MOH,74,76,78,74,77,63,71,Not Avaliable yet,74,65,67,63,85,88,1,10,26,19,18,13,13,34,36,80,40,43,32,78
Snap-on Incorporated,SNA,68,70,67,68,72,68,67,Not Avaliable yet,69,66,69,70,75,75,72,80,78,74,66,65,60,44,45,70,56,27,36,27
Coterra Energy Inc.,CTRA,33,52,32,25,36,39,42,Not Avaliable yet,51,86,36,46,63,78,13,3,6,43,48,25,20,20,44,44,58,95,75,69
"Mid-America Apartment Communities, Inc.",MAA,52,29,6,25,31,66,66,Not Avaliable yet,28,5,4,10,5,11,17,15,19,13,9,40,39,14,60,55,49,47,43,44
"Principal Financial Group, Inc.",PFG,17,97,88,40,63,1,92,Not Avaliable yet,97,91,38,42,38,49,70,56,51,54,41,37,26,24,40,54,41,50,41,9
Hologic Inc,HOLX,52,51,45,49,51,61,17,41,23,70,90,86,8,3,68,46,31,8,2,12,23,11,2,10,51,13,55,30
Jacobs Solutions Inc.,J,58,4,59,31,46,44,38,8,43,32,18,39,22,9,33,30,37,31,49,48,40,42,79,77,71,58,57,57
Factset Research Systems,FDS,76,74,55,78,78,75,42,62,67,56,88,90,92,87,88,96,98,98,97,95,96,94,95,92,94,88,93,97
Ball Corporation,BALL,35,47,49,28,12,46,48,Not Avaliable yet,47,35,50,58,49,37,37,76,59,78,67,71,64,52,69,61,48,47,67,65
W.R. Berkley Corporation,WRB,33,4,60,4,72,8,43,Not Avaliable yet,5,64,27,18,15,44,44,52,47,54,47,49,38,50,44,41,76,77,69,74
"Ulta Beauty, Inc.",ULTA,97,97,95,89,94,82,90,96,97,98,68,95,95,93,93,89,87,87,90,86,79,69,47,49,57,46,6,32
Trimble Inc.,TRMB,14,24,17,7,19,32,28,Not Avaliable yet,23,32,43,51,58,33,19,26,17,33,35,31,27,27,29,52,42,56,67,72
Las Vegas Sands Corp.,LVS,58,50,47,52,70,55,51,Not Avaliable yet,48,2,3,5,76,80,88,73,78,89,83,63,56,30,14,18,13,32,67,88
Keycorp,KEY,30,19,10,9,9,83,14,Not Avaliable yet,18,30,40,25,26,42,35,26,31,31,32,41,31,22,10,26,58,59,46,31
Quest Diagnostics Inc.,DGX,36,43,38,44,41,45,46,Not Avaliable yet,43,50,73,72,46,44,53,51,60,42,65,52,34,59,67,56,42,69,60,75
"Teradyne, Inc.",TER,68,73,77,76,52,70,78,Not Avaliable yet,72,86,96,94,90,87,58,5,54,14,34,61,87,95,5,3,13,57,3,53
Masco Corporation,MAS,93,94,94,96,92,90,93,Not Avaliable yet,94,91,78,94,92,93,89,90,76,93,62,3,3,3,17,20,26,24,45,50
"Best Buy Company, Inc.",BBY,89,86,83,78,96,80,81,76,91,98,90,93,93,80,84,72,86,72,0,25,72,77,83,92,83,80,80,84
Pentair Plc,PNR,70,63,56,70,60,77,53,Not Avaliable yet,62,45,72,70,65,64,54,38,32,43,31,7,11,39,32,40,36,38,36,32
Baxter International Inc.,BAX,2,9,14,2,7,11,9,Not Avaliable yet,8,3,10,21,39,62,32,38,13,61,62,81,84,73,89,85,79,74,64,27
Idex Corporation,IEX,42,56,43,51,50,48,52,Not Avaliable yet,54,57,57,66,71,70,67,64,71,66,63,14,45,44,45,41,46,48,54,51
"Alexandria Real Estate Equities, Inc.",ARE,14,76,14,5,7,53,29,Not Avaliable yet,76,7,7,16,9,35,13,10,11,10,9,13,28,37,51,33,34,34,41,48
Genuine Parts Company,GPC,57,68,54,65,56,64,73,Not Avaliable yet,68,70,69,48,59,59,49,81,85,82,80,83,78,74,72,76,75,73,61,64
Kimco Realty Corp.,KIM,8,13,17,11,3,17,14,Not Avaliable yet,12,4,10,20,19,24,17,8,12,10,5,14,12,14,17,36,15,28,34,41
"Expeditors International of Washington, Inc.",EXPD,89,90,94,89,87,83,84,Not Avaliable yet,89,96,97,90,90,93,90,90,94,86,78,76,81,83,78,84,87,85,90,86
"Tyson Foods, Inc.",TSN,12,15,25,11,11,13,3,21,3,54,56,56,47,67,49,66,45,25,56,47,54,65,9,21,19,5,26,33
Dollar General Corp.,DG,50,58,50,52,57,47,65,45,75,78,85,78,77,76,74,75,69,67,70,66,53,43,29,77,32,79,79,80
"Textron, Inc.",TXT,1,39,34,48,0,39,49,Not Avaliable yet,38,40,40,43,60,67,83,75,58,57,50,70,36,30,23,33,42,36,30,25
Avery Dennison Corp.,AVY,64,60,68,65,65,59,62,Not Avaliable yet,59,65,68,81,71,84,63,83,83,76,63,49,37,68,59,52,45,73,67,62
Gen Digital Inc.,GEN,47,61,44,45,47,43,6,48,72,78,84,86,7,6,7,2,62,60,50,62,50,63,0,22,12,8,62,56
Nisource Inc.,NI,21,18,17,12,45,26,18,Not Avaliable yet,17,23,20,19,29,4,14,25,18,20,20,24,18,21,28,27,17,17,18,23
Marathon Oil Corporation,MRO,44,53,40,39,39,51,53,Not Avaliable yet,51,46,6,6,2,34,6,3,4,16,30,32,39,41,27,61,67,94,88,68
"Everest Group, Ltd.",EG,95,70,53,68,73,100,67,Not Avaliable yet,69,26,60,32,56,5,28,64,66,75,82,60,5,47,69,16,61,68,3,59
Jb Hunt Transport Services Inc,JBHT,53,60,55,48,50,52,61,Not Avaliable yet,59,46,38,22,21,67,91,83,85,84,88,88,85,81,68,81,84,84,89,81
Align Technology Inc,ALGN,54,57,52,55,52,62,57,Not Avaliable yet,56,47,80,98,87,94,84,85,82,86,53,53,65,85,5,96,86,1,10,49
"Healthpeak Properties, Inc.",DOC,7,12,6,7,5,35,5,Not Avaliable yet,10,6,6,12,6,5,8,10,9,7,5,16,8,Not Avaliable yet,Not Avaliable yet,Not Avaliable yet,Not Avaliable yet,Not Avaliable yet,Not Avaliable yet,Not Avaliable yet
Domino's Pizza Inc.,DPZ,98,98,98,99,98,99,99,Not Avaliable yet,98,99,99,100,99,100,100,100,99,100,100,100,100,99,99,98,99,100,99,98
Viatris Inc.,VTRS,3,9,14,2,6,4,15,Not Avaliable yet,7,10,5,10,6,9,20,4,42,57,43,62,51,47,59,91,16,68,45,82
Verisign Inc,VRSN,0,100,0,0,100,100,100,Not Avaliable yet,100,100,100,100,100,100,99,100,100,100,99,98,98,68,88,24,3,44,18,28
Jabil Inc.,JBL,82,93,66,66,79,74,56,87,73,77,67,24,52,9,24,43,50,6,61,66,71,41,2,27,14,24,39,39
Alliant Energy Corporation,LNT,52,25,70,30,25,21,35,Not Avaliable yet,24,26,27,40,27,27,31,31,33,32,32,31,29,30,46,34,48,19,98,21
"Cf Industries Holding, Inc.",CF,73,4,66,82,52,69,46,Not Avaliable yet,4,98,81,52,61,38,2,11,42,81,87,92,100,45,93,99,97,19,2,41
Loews Corporation,L,14,4,38,28,40,3,13,Not Avaliable yet,5,8,2,3,1,11,30,19,14,14,12,17,22,31,27,89,29,60,33,34
The Estee Lauder Companies Inc. Class A,EL,12,15,4,35,51,48,12,22,35,78,91,79,85,64,78,85,87,90,90,88,82,80,53,79,87,75,76,81
Amcor Plcs,AMCR,43,51,44,55,43,36,51,39,54,37,43,45,20,66,57,19,73,78,34,22,16,17,21,21,16,21,9,15
"Revvity, Inc.",RVTY,9,11,16,8,6,25,11,Not Avaliable yet,9,20,34,72,35,31,20,45,43,30,39,47,8,22,31,40,29,27,56,29
Aptiv Plc,APTV,54,82,47,40,36,84,96,Not Avaliable yet,81,31,39,79,68,69,75,92,90,95,93,91,97,58,15,Not Avaliable yet,Not Avaliable yet,Not Avaliable yet,Not Avaliable yet,Not Avaliable yet
"Evergy, Inc.",EVRG,81,23,93,22,15,20,40,Not Avaliable yet,22,23,24,32,25,16,29,33,28,28,28,30,24,27,32,29,25,27,27,29
"Moderna, Inc.",MRNA,1,1,5,1,1,8,0,Not Avaliable yet,0,96,100,1,1,0,0,1,Not Avaliable yet,Not Avaliable yet,Not Avaliable yet,Not Avaliable yet,Not Avaliable yet,Not Avaliable yet,Not Avaliable yet,Not Avaliable yet,Not Avaliable yet,Not Avaliable yet,Not Avaliable yet,Not Avaliable yet
Pool Corporation,POOL,81,83,82,92,67,47,80,Not Avaliable yet,83,85,89,93,89,91,93,91,90,87,84,78,68,64,63,61,69,81,79,89
"Rollins, Inc.",ROL,85,86,90,89,83,81,89,Not Avaliable yet,85,83,87,87,90,94,94,95,95,95,94,94,94,94,95,95,95,94,93,80
Nordson Corp,NDSN,55,56,55,54,54,58,65,Not Avaliable yet,56,72,70,62,66,62,56,79,63,75,75,81,91,94,88,67,51,82,74,63
"F5, Inc.",FFIV,72,70,76,73,69,74,79,58,67,54,63,68,86,95,96,96,94,90,81,85,86,72,64,46,37,36,38,43
Skyworks Solutions Inc,SWKS,45,37,6,26,47,57,59,30,61,69,78,83,81,83,91,93,93,83,68,56,67,52,50,54,19,3,12,13
"Stanley Black & Decker, Inc.",SWK,0,12,13,35,9,66,7,Not Avaliable yet,11,83,46,57,48,29,59,60,57,47,26,26,33,31,26,45,68,71,61,79
"Epam Systems, Inc.",EPAM,53,53,64,43,55,49,46,Not Avaliable yet,52,62,75,75,69,75,34,63,60,64,73,77,98,98,99,Not Avaliable yet,Not Avaliable yet,Not Avaliable yet,Not Avaliable yet,Not Avaliable yet
Akamai Technologies Inc,AKAM,28,33,36,20,34,37,31,Not Avaliable yet,31,34,46,54,44,31,28,47,47,48,57,44,42,38,40,37,20,14,98,99
"Udr, Inc.",UDR,9,28,16,8,10,14,14,Not Avaliable yet,27,9,11,15,17,23,16,16,13,94,4,6,4,3,12,9,4,5,8,7
"Conagra Brands, Inc.",CAG,41,12,60,43,38,24,28,20,14,24,42,41,13,43,45,20,6,12,29,41,55,51,55,35,43,29,34,44
Incyte Genomics Inc,INCY,4,41,58,1,19,49,55,Not Avaliable yet,41,36,89,4,70,28,1,69,27,5,4,11,1,57,1,1,1,1,1,1
Camden Property Trust,CPT,11,49,18,11,13,18,12,Not Avaliable yet,48,10,11,21,15,8,21,23,19,15,10,19,9,8,10,13,10,4,45,26
Albemarle Corporation,ALB,1,3,1,2,2,1,4,Not Avaliable yet,3,72,3,34,41,64,10,43,29,26,78,64,93,69,57,57,50,32,25,12
Henry (Jack) & Associates,JKHY,77,77,81,78,72,73,79,66,78,63,56,82,82,92,87,92,86,85,79,72,67,54,78,66,72,66,60,69
"C.H. Robinson Worldwide, Inc.",CHRW,62,59,66,76,66,29,57,Not Avaliable yet,59,89,83,80,82,85,82,87,93,88,91,90,96,95,96,96,96,94,92,89
Juniper Networks Inc,JNPR,20,31,27,8,5,43,25,Not Avaliable yet,30,33,31,50,27,41,24,51,57,1,24,14,21,45,25,41,17,2,14,9
"Host Hotels & Resorts, Inc.",HST,27,33,18,32,44,32,29,Not Avaliable yet,31,29,5,6,38,14,27,34,30,29,15,11,12,10,18,32,35,26,19,15
"Dayforce, Inc.",DAY,7,10,10,4,7,27,5,Not Avaliable yet,9,4,3,12,31,10,9,7,12,Not Avaliable yet,Not Avaliable yet,Not Avaliable yet,Not Avaliable yet,Not Avaliable yet,Not Avaliable yet,Not Avaliable yet,Not Avaliable yet,Not Avaliable yet,Not Avaliable yet,Not Avaliable yet
Allegion Public Limited Company,ALLE,71,76,77,72,72,69,81,Not Avaliable yet,75,68,83,85,83,84,80,87,81,82,14,80,6,Not Avaliable yet,Not Avaliable yet,Not Avaliable yet,Not Avaliable yet,Not Avaliable yet,Not Avaliable yet,Not Avaliable yet
Bunge Global Sa,BG,36,69,28,27,32,55,71,Not Avaliable yet,68,59,72,57,2,15,14,34,42,18,7,29,30,17,11,78,20,26,38,43
"Universal Health Services, Inc. Class B",UHS,50,39,49,53,53,44,35,Not Avaliable yet,38,31,49,62,51,45,51,54,59,49,50,49,47,23,68,49,38,37,48,50
Dollar Tree Inc.,DLTR,6,2,22,45,1,32,28,4,57,52,56,53,84,70,52,31,93,96,95,93,89,83,80,73,64,55,58,73
Norwegian Cruise Line Holdings Ltd.s,NCLH,44,28,76,42,28,17,60,Not Avaliable yet,26,1,0,2,46,45,45,47,36,21,28,5,4,6,19,10,21,91,9,4
The J.M. Smucker Company,SJM,26,26,30,32,17,30,39,27,99,26,35,42,20,59,29,38,16,42,43,35,35,43,30,37,31,27,25,37
Regency Centers Corporation,REG,12,17,20,14,16,9,18,Not Avaliable yet,15,13,9,5,7,13,16,12,11,27,10,1,3,2,12,25,28,34,17,19
Carmax Inc.,KMX,5,12,13,4,3,9,10,19,12,24,15,31,23,15,24,28,23,19,21,16,15,68,21,36,64,58,50,72
Eastman Chemical Company,EMN,38,42,42,50,39,27,43,Not Avaliable yet,42,43,62,48,46,48,72,57,50,40,78,35,83,81,38,64,40,56,73,70
"Bxp, Inc.",BXP,8,41,6,12,10,18,8,Not Avaliable yet,40,9,6,17,7,12,11,12,11,5,8,4,4,4,11,12,7,6,6,5
"Tapestry, Inc.",TPR,42,44,39,29,30,58,74,33,85,81,77,4,46,43,66,71,64,95,98,99,99,99,98,98,97,98,97,97
Bio-Techne Corp.,TECH,36,36,23,56,45,24,44,29,51,57,32,22,31,44,35,60,60,68,76,79,81,88,91,83,82,85,89,79
Generac Holdings Inc,GNRC,46,34,61,33,18,54,38,Not Avaliable yet,33,55,76,78,73,73,66,50,39,64,73,51,94,41,94,88,35,Not Avaliable yet,Not Avaliable yet,Not Avaliable yet
"Super Micro Computer, Inc.",SMCI,69,68,74,82,92,86,92,54,89,60,32,32,43,23,39,50,73,55,22,42,60,56,52,71,72,93,77,6
"Lamb Weston Holdings, Inc.",LW,55,63,46,54,57,72,75,49,57,47,51,64,84,82,81,76,79,84,5,Not Avaliable yet,Not Avaliable yet,Not Avaliable yet,Not Avaliable yet,Not Avaliable yet,Not Avaliable yet,Not Avaliable yet,Not Avaliable yet,Not Avaliable yet
"Charles River Laboratories International, Inc.",CRL,34,35,27,36,31,35,34,Not Avaliable yet,34,39,42,55,42,42,28,46,54,44,45,53,58,2,41,4,28,22,31,15
"The Interpublic Group of Companies, Inc.",IPG,58,71,13,60,35,84,66,Not Avaliable yet,70,65,74,75,67,59,81,84,74,72,48,49,57,81,30,43,20,53,3,3
"Paycom Software, Inc.",PAYC,91,86,76,73,98,82,75,Not Avaliable yet,85,79,81,85,93,95,98,95,82,45,21,28,6,Not Avaliable yet,Not Avaliable yet,Not Avaliable yet,Not Avaliable yet,Not Avaliable yet,Not Avaliable yet,Not Avaliable yet
News Corporation Class A,NWSA,15,18,4,15,11,31,15,23,8,36,23,89,18,33,21,19,4,11,13,15,18,7,Not Avaliable yet,Not Avaliable yet,Not Avaliable yet,Not Avaliable yet,Not Avaliable yet,Not Avaliable yet
"Assurant, Inc.",AIZ,39,34,6,51,62,49,51,Not Avaliable yet,32,24,68,34,21,16,56,64,14,40,41,44,47,22,48,53,63,72,50,38
"Catalent, Inc.",CTLT,6,2,3,16,4,7,1,3,4,11,14,16,9,12,37,39,86,11,82,42,6,Not Avaliable yet,Not Avaliable yet,Not Avaliable yet,Not Avaliable yet,Not Avaliable yet,Not Avaliable yet,Not Avaliable yet
Molson Coors Beverage Company Class B,TAP,43,24,82,36,21,12,45,Not Avaliable yet,23,87,24,60,21,24,39,51,20,26,24,24,37,36,52,31,27,20,15,45
Erie Indemnity Co,ERIE,85,85,89,93,86,83,89,Not Avaliable yet,85,76,1,3,1,89,86,91,89,98,100,98,91,97,66,47,85,77,52,82
Pinnacle West Capital Corporation,PNW,23,17,52,27,9,9,51,Not Avaliable yet,16,17,20,36,29,26,33,35,36,32,34,36,29,32,22,27,22,21,16,18
Lkq Corporation,LKQ,42,46,43,43,41,41,43,Not Avaliable yet,46,61,58,51,35,34,41,44,53,45,48,46,40,46,48,37,17,40,32,38
Marketaxess Holdings Inc.,MKTX,77,74,77,74,79,74,67,Not Avaliable yet,74,76,84,92,86,90,94,94,92,89,90,91,72,67,45,25,23,11,16,97
Fox Corporation Class A,FOXA,31,49,39,46,26,22,15,36,39,35,60,57,55,86,92,9,Not Avaliable yet,Not Avaliable yet,Not Avaliable yet,Not Avaliable yet,Not Avaliable yet,Not Avaliable yet,Not Avaliable yet,Not Avaliable yet,Not Avaliable yet,Not Avaliable yet,Not Avaliable yet,Not Avaliable yet
Solventum Corporation,SOLV,34,46,34,32,43,23,59,Not Avaliable yet,45,50,55,11,Not Avaliable yet,Not Avaliable yet,Not Avaliable yet,Not Avaliable yet,Not Avaliable yet,Not Avaliable yet,Not Avaliable yet,Not Avaliable yet,Not Avaliable yet,Not Avaliable yet,Not Avaliable yet,Not Avaliable yet,Not Avaliable yet,Not Avaliable yet,Not Avaliable yet,Not Avaliable yet
Aes Corporation,AES,86,2,24,9,29,31,38,Not Avaliable yet,1,72,61,27,24,32,5,48,35,41,40,2,46,48,55,54,33,45,32,30
Globe Life Inc.,GL,96,70,97,98,67,97,63,Not Avaliable yet,69,52,30,44,43,51,96,36,35,50,35,32,28,33,59,70,62,60,52,55
Teleflex Incorporated,TFX,32,29,39,26,2,14,35,Not Avaliable yet,28,31,46,43,59,28,22,55,53,41,29,4,27,43,46,46,6,51,46,24
A.O. Smith Corporation,AOS,88,90,84,91,89,87,88,Not Avaliable yet,89,52,86,81,80,84,71,82,80,65,61,50,25,23,57,54,51,37,35,18
The Mosaic Company,MOS,14,32,13,58,14,39,13,Not Avaliable yet,31,70,42,4,3,17,7,17,46,38,18,67,69,78,53,79,93,27,10,11
Hormel Foods Corporation,HRL,34,35,33,26,38,38,28,Not Avaliable yet,33,41,41,66,74,72,78,79,77,77,75,78,77,74,74,63,62,65,62,66
Campbell Soup Company,CPB,33,48,12,29,58,56,45,35,55,51,56,67,16,46,86,74,76,75,72,89,88,91,93,90,91,78,83,83
"Caesars Entertainment, Inc.",CZR,78,0,15,70,60,72,50,Not Avaliable yet,0,43,26,14,36,14,3,29,79,9,5,95,12,16,97,8,55,51,35,100
Henry Schein Inc,HSIC,29,38,37,36,39,18,49,Not Avaliable yet,36,55,67,63,70,56,56,72,72,71,74,68,66,63,73,59,50,42,42,37
Federal Realty Investment Trust,FRT,16,23,25,17,20,11,10,Not Avaliable yet,21,11,9,12,15,30,42,43,41,31,40,37,62,87,76,71,68,99,85,84
"Enphase Energy, Inc.",ENPH,5,72,39,4,2,5,69,Not Avaliable yet,71,72,74,90,98,6,0,0,1,2,0,0,0,0,0,Not Avaliable yet,Not Avaliable yet,Not Avaliable yet,Not Avaliable yet,Not Avaliable yet
Celanese Corporation,CE,4,60,16,18,12,1,81,Not Avaliable yet,59,39,79,51,58,73,57,73,15,45,82,50,59,49,75,51,56,48,58,12
Ralph Lauren Corporation,RL,74,74,65,74,48,88,69,61,65,63,42,71,53,13,5,53,80,84,84,81,75,72,71,67,69,64,39,51
Mgm Resorts International,MGM,72,71,47,79,74,76,57,Not Avaliable yet,71,3,10,5,74,28,81,59,6,10,16,9,90,4,8,14,48,25,20,31
"Hasbro, Inc.",HAS,39,1,74,58,40,2,2,Not Avaliable yet,1,18,35,40,41,37,57,81,76,74,63,67,73,75,79,73,78,55,37,47
"Match Group, Inc",MTCH,86,79,97,68,70,86,79,Not Avaliable yet,79,82,52,92,55,51,87,8,16,55,54,44,48,6,3,12,4,9,11,8
Invesco Ltd,IVZ,3,11,11,9,10,2,13,Not Avaliable yet,10,15,34,27,25,25,37,34,33,27,25,22,16,13,25,34,37,39,17,3
Apa Corporation,APA,99,98,6,77,66,100,98,Not Avaliable yet,98,97,76,2,1,12,46,7,0,4,27,23,61,51,9,24,71,74,87,79
"Huntington Ingalls Industries, Inc.",HII,41,44,19,35,37,64,40,Not Avaliable yet,44,41,31,82,80,92,80,88,83,94,53,45,0,33,Not Avaliable yet,Not Avaliable yet,Not Avaliable yet,Not Avaliable yet,Not Avaliable yet,Not Avaliable yet
Wynn Resorts Ltd,WYNN,77,79,4,39,56,92,12,Not Avaliable yet,79,4,3,4,18,73,76,27,37,81,87,83,82,54,24,38,24,9,5,3
Borgwarner Inc.,BWA,48,41,45,64,50,42,22,Not Avaliable yet,40,22,17,13,62,69,44,18,58,68,69,64,74,62,24,14,46,39,49,52
"Mohawk Industries, Inc.",MHK,28,2,32,32,19,28,0,Not Avaliable yet,3,6,23,12,10,40,53,63,46,46,31,29,22,28,16,5,58,35,24,55
Brown-Forman Corporation Class B,BF-B,71,73,60,71,76,67,65,60,61,71,77,84,85,80,84,97,89,89,91,86,85,81,81,75,70,80,62,73
Fmc Corporation,FMC,100,94,31,0,31,0,8,Not Avaliable yet,94,58,63,64,60,51,2,41,87,61,56,83,82,59,76,86,34,32,27,40
Davita Inc.,DVA,69,62,72,71,70,61,69,Not Avaliable yet,62,48,65,72,62,40,52,54,22,43,38,34,53,52,60,44,41,36,21,65
Paramount Global Class B,PARA,10,4,25,39,2,13,26,Not Avaliable yet,4,19,41,60,66,77,77,74,65,67,67,62,49,35,25,2,21,19,1,1
"Walgreens Boots Alliance, Inc",WBA,0,0,0,6,0,7,3,0,1,11,21,14,51,60,58,56,44,47,47,48,74,64,68,70,78,76,75,77
"Franklin Resources, Inc.",BEN,8,10,21,9,10,14,21,18,13,28,41,31,54,31,60,65,75,80,80,75,78,76,64,84,82,69,61,50
"Qorvo, Inc.",QRVO,76,3,3,3,5,2,32,6,10,52,26,11,22,88,7,13,14,9,3,Not Avaliable yet,Not Avaliable yet,Not Avaliable yet,Not Avaliable yet,Not Avaliable yet,Not Avaliable yet,Not Avaliable yet,Not Avaliable yet,Not Avaliable yet
Fox Corporation Class B,FOX,27,49,39,46,26,22,15,36,39,35,60,57,55,86,92,9,Not Avaliable yet,Not Avaliable yet,Not Avaliable yet,Not Avaliable yet,Not Avaliable yet,Not Avaliable yet,Not Avaliable yet,Not Avaliable yet,Not Avaliable yet,Not Avaliable yet,Not Avaliable yet,Not Avaliable yet